792,3,4,0,234.850006,-2127.760010,118.095001,0,13,-1,"Aerie Peak",0.000000,0.000000,0.000000,0.000000,0.000000,0.000000,0.000000,4128894,"",0.000000,0.000000,0.000000,0.000000,0.000000,0.000000,0.000000,4128892,0,
1032,0,6,0,-4817.790039,-2666.699951,351.196991,0,4,838,"Algaz Station",0.000000,0.000000,0.000000,0.000000,0.000000,0.000000,0.000000,4128894,"",0.000000,0.000000,0.000000,0.000000,0.000000,0.000000,0.000000,4128892,0,
27,3,6,84,-6392.649902,-3158.000000,299.765015,0,5,0,"Angor Fortress",0.000000,0.000000,0.000000,0.000000,0.000000,0.000000,0.000000,8323198,"",0.000000,0.000000,0.000000,0.000000,0.000000,0.000000,0.000000,4128892,0,
1,3,6,0,-6134.279785,383.763000,399.253998,0,5,132,"Anvilmar",0.000000,0.000000,0.000000,0.000000,0.000000,0.000000,0.000000,8323199,"",0.000000,0.000000,0.000000,0.000000,0.000000,0.000000,0.000000,4128892,0,
1287,0,6,0,-10443.299805,-2141.100098,90.779404,0,4,2697,"Ariden's Camp",0.000000,0.000000,0.000000,0.000000,0.000000,0.000000,0.000000,4128894,"",0.000000,0.000000,0.000000,0.000000,0.000000,0.000000,0.000000,4128892,0,
1128,0,6,0,-10349.700195,-1538.800049,92.642303,0,0,42,"Beggar's Haunt",0.000000,0.000000,0.000000,0.000000,0.000000,0.000000,0.000000,4128894,"",0.000000,0.000000,0.000000,0.000000,0.000000,0.000000,0.000000,4128892,0,
40,3,4,0,-14383.299805,487.139008,-29.561701,0,13,0,"Booty Bay",0.000000,0.000000,0.000000,0.000000,0.000000,0.000000,0.000000,8323198,"",0.000000,0.000000,0.000000,0.000000,0.000000,0.000000,0.000000,4128892,0,
1010,0,6,0,-1194.050049,-2119.159912,61.880798,0,4,1858,"Boulderfist Outpost",0.000000,0.000000,0.000000,0.000000,0.000000,0.000000,0.000000,4128894,"",0.000000,0.000000,0.000000,0.000000,0.000000,0.000000,0.000000,4128892,0,
2,3,6,0,2249.850098,278.413849,34.113708,0,5,0,"Brill",0.000000,0.000000,0.000000,0.000000,0.000000,0.000000,0.000000,8323198,"",0.000000,0.000000,0.000000,0.000000,0.000000,0.000000,0.000000,4128892,0,
1018,0,6,0,2483.979980,-5183.790039,76.113503,0,4,2271,"Browman Mill",0.000000,0.000000,0.000000,0.000000,0.000000,0.000000,0.000000,4128894,"",0.000000,0.000000,0.000000,0.000000,0.000000,0.000000,0.000000,4128892,0,
1307,0,6,0,921.054016,-1421.459961,66.552399,0,4,197,"Chillwind Camp",0.000000,0.000000,0.000000,0.000000,0.000000,0.000000,0.000000,4128894,"",0.000000,0.000000,0.000000,0.000000,0.000000,0.000000,0.000000,4128892,0,
1770,0,5,0,1853.479980,-3723.239990,192.505997,0,135,139,"Crown Guard Tower",0.000000,0.000000,0.000000,0.000000,0.000000,0.000000,0.000000,4128894,"",0.000000,0.000000,0.000000,0.000000,0.000000,0.000000,0.000000,4128844,2355,
1771,0,5,0,1853.349976,-3723.330078,192.429993,0,135,139,"Crown Guard Tower",0.000000,0.000000,0.000000,0.000000,0.000000,0.000000,0.000000,4128894,"Alliance, Contested",0.000000,0.000000,0.000000,0.000000,0.000000,0.000000,0.000000,4128894,2374,
1772,0,5,0,1853.410034,-3723.260010,192.473007,0,135,139,"Crown Guard Tower",0.000000,0.000000,0.000000,0.000000,0.000000,0.000000,0.000000,4128894,"Horde, Contested",0.000000,0.000000,0.000000,0.000000,0.000000,0.000000,0.000000,4128894,2375,
1773,0,10,0,1853.130005,-3723.439941,192.304993,0,135,139,"Crown Guard Tower",0.000000,0.000000,0.000000,0.000000,0.000000,0.000000,0.000000,4128894,"Alliance, Progressing",0.000000,0.000000,0.000000,0.000000,0.000000,0.000000,0.000000,4128894,2376,
1774,0,9,0,1853.540039,-3723.489990,192.462997,0,135,139,"Crown Guard Tower",0.000000,0.000000,0.000000,0.000000,0.000000,0.000000,0.000000,4128894,"Horde, Progressing",0.000000,0.000000,0.000000,0.000000,0.000000,0.000000,0.000000,4128894,2377,
1775,0,10,0,1853.469971,-3723.379883,192.464996,0,135,139,"Crown Guard Tower",0.000000,0.000000,0.000000,0.000000,0.000000,0.000000,0.000000,4128894,"Alliance",0.000000,0.000000,0.000000,0.000000,0.000000,0.000000,0.000000,4128894,2378,
1776,0,9,0,1853.510010,-3723.469971,192.457993,0,135,139,"Crown Guard Tower",0.000000,0.000000,0.000000,0.000000,0.000000,0.000000,0.000000,4128894,"Horde",0.000000,0.000000,0.000000,0.000000,0.000000,0.000000,0.000000,4128894,2379,
3,3,4,0,-10564.700195,-1170.650024,28.050501,0,13,-1,"Darkshire",0.000000,0.000000,0.000000,0.000000,0.000000,0.000000,0.000000,8323198,"",0.000000,0.000000,0.000000,0.000000,0.000000,0.000000,0.000000,4128892,0,
1288,0,6,0,-10572.000000,-1841.050049,109.049004,0,4,2697,"Deadwind Ravine",0.000000,0.000000,0.000000,0.000000,0.000000,0.000000,0.000000,4128894,"",0.000000,0.000000,0.000000,0.000000,0.000000,0.000000,0.000000,4128892,0,
4,3,6,0,1879.832275,1588.202759,90.171959,0,5,0,"Deathknell",0.000000,0.000000,0.000000,0.000000,0.000000,0.000000,0.000000,8323198,"",0.000000,0.000000,0.000000,0.000000,0.000000,0.000000,0.000000,4128892,0,
327,0,6,0,-1014.219971,-3827.389893,145.410004,0,4,321,"Drywhisker Gorge",0.000000,0.000000,0.000000,0.000000,0.000000,0.000000,0.000000,4128894,"",0.000000,0.000000,0.000000,0.000000,0.000000,0.000000,0.000000,4128892,0,
5,3,6,0,-4191.023438,-2373.140137,205.150833,0,5,0,"Dun Algaz",0.000000,0.000000,0.000000,0.000000,0.000000,0.000000,0.000000,8323198,"",0.000000,0.000000,0.000000,0.000000,0.000000,0.000000,0.000000,4128892,0,
6,3,6,0,-2610.258301,-2350.558350,81.591179,0,5,0,"Dun Modr",0.000000,0.000000,0.000000,0.000000,0.000000,0.000000,0.000000,8323198,"",0.000000,0.000000,0.000000,0.000000,0.000000,0.000000,0.000000,4128892,0,
1028,0,6,0,-7320.589844,-2265.090088,244.548004,0,4,344,"Dustbelch Grotto",0.000000,0.000000,0.000000,0.000000,0.000000,0.000000,0.000000,4128894,"",0.000000,0.000000,0.000000,0.000000,0.000000,0.000000,0.000000,4128892,0,
1749,0,5,0,2562.300049,-4796.959961,138.253998,0,135,-1,"Eastwall Tower",0.000000,0.000000,0.000000,0.000000,0.000000,0.000000,0.000000,4128894,"",0.000000,0.000000,0.000000,0.000000,0.000000,0.000000,0.000000,4128844,2361,
1750,0,5,0,2562.070068,-4797.240234,138.207001,0,135,139,"Eastwall Tower",0.000000,0.000000,0.000000,0.000000,0.000000,0.000000,0.000000,4128894,"Alliance, Contested",0.000000,0.000000,0.000000,0.000000,0.000000,0.000000,0.000000,4128878,2359,
1751,0,10,0,2562.149902,-4797.250000,138.156006,0,135,139,"Eastwall Tower",0.000000,0.000000,0.000000,0.000000,0.000000,0.000000,0.000000,4128894,"Alliance, Progressing",0.000000,0.000000,0.000000,0.000000,0.000000,0.000000,0.000000,4128878,2357,
1752,0,5,0,2561.739990,-4797.140137,138.466003,0,135,139,"Eastwall Tower",0.000000,0.000000,0.000000,0.000000,0.000000,0.000000,0.000000,4128894,"Horde, Contested",0.000000,0.000000,0.000000,0.000000,0.000000,0.000000,0.000000,4128878,2360,
1753,0,9,0,2561.909912,-4797.319824,138.255997,0,135,139,"Eastwall Tower",0.000000,0.000000,0.000000,0.000000,0.000000,0.000000,0.000000,4128894,"Horde, Progressing",0.000000,0.000000,0.000000,0.000000,0.000000,0.000000,0.000000,4128878,2358,
1754,0,9,0,2561.959961,-4796.839844,138.533005,0,135,139,"Eastwall Tower",0.000000,0.000000,0.000000,0.000000,0.000000,0.000000,0.000000,4128894,"Horde",0.000000,0.000000,0.000000,0.000000,0.000000,0.000000,0.000000,4128894,2356,
1755,0,10,0,2562.030029,-4797.020020,138.376999,0,135,139,"Eastwall Tower",0.000000,0.000000,0.000000,0.000000,0.000000,0.000000,0.000000,4128894,"Alliance",0.000000,0.000000,0.000000,0.000000,0.000000,0.000000,0.000000,4128894,2354,
949,0,6,0,-8676.570313,-119.634003,91.423500,0,4,24,"Echo Ridge Mine",0.000000,0.000000,0.000000,0.000000,0.000000,0.000000,0.000000,4128894,"",0.000000,0.000000,0.000000,0.000000,0.000000,0.000000,0.000000,4128892,0,
1177,0,6,0,-7479.770020,-2186.399902,166.149994,0,4,250,"Flame Crest",0.000000,0.000000,0.000000,0.000000,0.000000,0.000000,0.000000,4128894,"",0.000000,0.000000,0.000000,0.000000,0.000000,0.000000,0.000000,4128892,0,
7,3,6,0,-9480.088867,63.521755,56.175690,0,5,0,"Goldshire",0.000000,0.000000,0.000000,0.000000,0.000000,0.000000,0.000000,8323198,"",0.000000,0.000000,0.000000,0.000000,0.000000,0.000000,0.000000,4128892,0,
1033,0,6,0,-4055.000000,-3448.540039,283.114990,0,4,1038,"Grim Batol",0.000000,0.000000,0.000000,0.000000,0.000000,0.000000,0.000000,4128894,"",0.000000,0.000000,0.000000,0.000000,0.000000,0.000000,0.000000,4128892,0,
41,3,4,83,-12378.400391,185.733994,3.055130,0,13,-1,"Grom'gol Base Camp",0.000000,0.000000,0.000000,0.000000,0.000000,0.000000,0.000000,4128894,"",0.000000,0.000000,0.000000,0.000000,0.000000,0.000000,0.000000,4128892,0,
1011,0,6,0,-11112.200195,-2335.629883,117.130997,0,4,2561,"Grosh'gok Compound",0.000000,0.000000,0.000000,0.000000,0.000000,0.000000,0.000000,4128894,"",0.000000,0.000000,0.000000,0.000000,0.000000,0.000000,0.000000,4128892,0,
25,3,4,83,-991.570007,-3528.340088,56.548199,0,13,-1,"Hammerfall",0.000000,0.000000,0.000000,0.000000,0.000000,0.000000,0.000000,8323198,"",0.000000,0.000000,0.000000,0.000000,0.000000,0.000000,0.000000,4128892,0,
948,0,6,0,-5858.700195,-2004.099976,401.648987,0,4,212,"Ironband's Compound",0.000000,0.000000,0.000000,0.000000,0.000000,0.000000,0.000000,4128894,"",0.000000,0.000000,0.000000,0.000000,0.000000,0.000000,0.000000,4128892,0,
8,3,5,0,-5021.000000,-834.059021,495.319000,0,29,-1,"Ironforge",0.000000,0.000000,0.000000,0.000000,0.000000,0.000000,0.000000,8323198,"",0.000000,0.000000,0.000000,0.000000,0.000000,0.000000,0.000000,4128892,0,
1702,0,6,0,1233.050049,1214.280029,52.585701,0,4,-1,"Ivar's Patch",0.000000,0.000000,0.000000,0.000000,0.000000,0.000000,0.000000,4128894,"",0.000000,0.000000,0.000000,0.000000,0.000000,0.000000,0.000000,4128844,0,
1031,0,6,0,-14179.599609,718.000000,28.288500,0,4,35,"Janeiro's Point",0.000000,0.000000,0.000000,0.000000,0.000000,0.000000,0.000000,4128894,"",0.000000,0.000000,0.000000,0.000000,0.000000,0.000000,0.000000,4128892,0,
1030,0,6,0,-9184.500000,-605.890991,62.818501,0,4,91,"Jasperlode Mine",0.000000,0.000000,0.000000,0.000000,0.000000,0.000000,0.000000,4128894,"",0.000000,0.000000,0.000000,0.000000,0.000000,0.000000,0.000000,4128892,0,
26,3,4,83,-6676.419922,-2186.679932,245.828995,0,13,-1,"Kargath",0.000000,0.000000,0.000000,0.000000,0.000000,0.000000,0.000000,8323198,"",0.000000,0.000000,0.000000,0.000000,0.000000,0.000000,0.000000,4128892,0,
9,2,6,0,-5585.950684,-482.126526,397.016724,0,5,0,"Kharanos",0.000000,0.000000,0.000000,0.000000,0.000000,0.000000,0.000000,8323198,"",0.000000,0.000000,0.000000,0.000000,0.000000,0.000000,0.000000,4128892,0,
10,3,4,0,-9227.690430,-2201.469971,63.933399,0,13,-1,"Lakeshire",0.000000,0.000000,0.000000,0.000000,0.000000,0.000000,0.000000,8323198,"",0.000000,0.000000,0.000000,0.000000,0.000000,0.000000,0.000000,4128892,0,
950,0,6,0,-9948.389648,69.156799,33.300201,0,4,57,"Maclure Vineyards",0.000000,0.000000,0.000000,0.000000,0.000000,0.000000,0.000000,4128894,"",0.000000,0.000000,0.000000,0.000000,0.000000,0.000000,0.000000,4128892,0,
11,3,4,0,-3672.699951,-828.455017,9.899150,0,13,-1,"Menethil Harbor",0.000000,0.000000,0.000000,0.000000,0.000000,0.000000,0.000000,8323198,"",0.000000,0.000000,0.000000,0.000000,0.000000,0.000000,0.000000,4128892,0,
227,0,2,0,-9389.259766,458.427002,38.285400,0,4,-1,"Mirror Lake",0.000000,0.000000,0.000000,0.000000,0.000000,0.000000,0.000000,4128894,"",0.000000,0.000000,0.000000,0.000000,0.000000,0.000000,0.000000,4128892,0,
1683,0,6,0,-10854.799805,-4093.429932,21.743500,0,5,300,"Misty Reed Post",0.000000,0.000000,0.000000,0.000000,0.000000,0.000000,0.000000,4128894,"",0.000000,0.000000,0.000000,0.000000,0.000000,0.000000,0.000000,4128876,0,
12,3,6,0,-11017.066406,1510.167969,43.165749,0,5,0,"Moonbrook",0.000000,0.000000,0.000000,0.000000,0.000000,0.000000,0.000000,8323198,"",0.000000,0.000000,0.000000,0.000000,0.000000,0.000000,0.000000,4128892,0,
1016,0,6,0,2046.109985,1829.449951,107.822998,0,4,154,"Night Web's Hollow",0.000000,0.000000,0.000000,0.000000,0.000000,0.000000,0.000000,4128894,"",0.000000,0.000000,0.000000,0.000000,0.000000,0.000000,0.000000,4128892,0,
1763,0,5,0,3170.260010,-4376.450195,139.632996,0,135,139,"Northpass Tower",0.000000,0.000000,0.000000,0.000000,0.000000,0.000000,0.000000,4128894,"",0.000000,0.000000,0.000000,0.000000,0.000000,0.000000,0.000000,4128844,2352,
1764,0,5,0,3169.989990,-4376.529785,139.632996,0,135,139,"Northpass Tower",0.000000,0.000000,0.000000,0.000000,0.000000,0.000000,0.000000,4128894,"Alliance, Contested",0.000000,0.000000,0.000000,0.000000,0.000000,0.000000,0.000000,4128894,2362,
1765,0,5,0,3169.649902,-4376.620117,139.632996,0,135,139,"Northpass Tower",0.000000,0.000000,0.000000,0.000000,0.000000,0.000000,0.000000,4128894,"Horde, Contested",0.000000,0.000000,0.000000,0.000000,0.000000,0.000000,0.000000,4128894,2363,
1766,0,10,0,3169.879883,-4376.379883,139.632996,0,135,139,"Northpass Tower",0.000000,0.000000,0.000000,0.000000,0.000000,0.000000,0.000000,4128894,"Alliance, Progressing",0.000000,0.000000,0.000000,0.000000,0.000000,0.000000,0.000000,4128894,2364,
1767,0,9,0,3169.820068,-4376.169922,139.632996,0,135,139,"Northpass Tower",0.000000,0.000000,0.000000,0.000000,0.000000,0.000000,0.000000,4128894,"Horde, Progressing",0.000000,0.000000,0.000000,0.000000,0.000000,0.000000,0.000000,4128894,2365,
1768,0,10,0,3169.139893,-4376.620117,139.632996,0,135,139,"Northpass Tower",0.000000,0.000000,0.000000,0.000000,0.000000,0.000000,0.000000,4128894,"Alliance",0.000000,0.000000,0.000000,0.000000,0.000000,0.000000,0.000000,4128894,2372,
1769,0,9,0,3168.739990,-4376.370117,139.634003,0,135,139,"Northpass Tower",0.000000,0.000000,0.000000,0.000000,0.000000,0.000000,0.000000,4128894,"Horde",0.000000,0.000000,0.000000,0.000000,0.000000,0.000000,0.000000,4128894,2373,
13,3,6,0,-8896.159180,-179.328339,80.290924,0,5,0,"Northshire Abbey",0.000000,0.000000,0.000000,0.000000,0.000000,0.000000,0.000000,8323198,"",0.000000,0.000000,0.000000,0.000000,0.000000,0.000000,0.000000,4128892,0,
954,0,6,0,-9067.349609,-333.964996,73.451698,0,4,24,"Northshire Vineyards",0.000000,0.000000,0.000000,0.000000,0.000000,0.000000,0.000000,4128894,"",0.000000,0.000000,0.000000,0.000000,0.000000,0.000000,0.000000,4128892,0,
1756,0,5,0,2967.530029,-3034.370117,150.091003,0,135,139,"Plaguewood Tower",0.000000,0.000000,0.000000,0.000000,0.000000,0.000000,0.000000,4128894,"",0.000000,0.000000,0.000000,0.000000,0.000000,0.000000,0.000000,4128844,2353,
1757,0,5,0,2967.530029,-3034.290039,150.072998,0,135,139,"Plaguewood Tower",0.000000,0.000000,0.000000,0.000000,0.000000,0.000000,0.000000,4128894,"Alliance, Contested",0.000000,0.000000,0.000000,0.000000,0.000000,0.000000,0.000000,4128894,2366,
1760,0,9,0,2972.889893,-3034.520020,120.297997,0,135,139,"Plaguewood Tower",0.000000,0.000000,0.000000,0.000000,0.000000,0.000000,0.000000,4128894,"Horde, Progressing",0.000000,0.000000,0.000000,0.000000,0.000000,0.000000,0.000000,4128894,2369,
1761,0,10,0,2966.689941,-3033.860107,148.839005,0,135,139,"Plaguewood Tower",0.000000,0.000000,0.000000,0.000000,0.000000,0.000000,0.000000,4128894,"Alliance",0.000000,0.000000,0.000000,0.000000,0.000000,0.000000,0.000000,4128894,2370,
1762,0,9,0,2966.719971,-3034.010010,148.869995,0,135,139,"Plaguewood Tower",0.000000,0.000000,0.000000,0.000000,0.000000,0.000000,0.000000,4128894,"Horde",0.000000,0.000000,0.000000,0.000000,0.000000,0.000000,0.000000,4128894,2371,
1777,0,10,0,2967.449951,-3034.870117,149.886002,0,135,139,"Plaguewood Tower",0.000000,0.000000,0.000000,0.000000,0.000000,0.000000,0.000000,4128894,"Alliance, Progressing",0.000000,0.000000,0.000000,0.000000,0.000000,0.000000,0.000000,4128894,2368,
14,3,6,0,-10752.526367,310.433380,40.162750,0,5,0,"Raven Hill",0.000000,0.000000,0.000000,0.000000,0.000000,0.000000,0.000000,8323198,"",0.000000,0.000000,0.000000,0.000000,0.000000,0.000000,0.000000,4128892,0,
24,3,6,84,-1251.050049,-2526.810059,20.711700,0,5,0,"Refuge Pointe",0.000000,0.000000,0.000000,0.000000,0.000000,0.000000,0.000000,8323198,"",0.000000,0.000000,0.000000,0.000000,0.000000,0.000000,0.000000,4128892,0,
956,0,6,0,-8674.120117,-2290.050049,157.009003,0,4,996,"Render's Rock",0.000000,0.000000,0.000000,0.000000,0.000000,0.000000,0.000000,4128894,"",0.000000,0.000000,0.000000,0.000000,0.000000,0.000000,0.000000,4128892,0,
1008,0,6,0,-8970.759766,-2002.699951,140.755997,0,4,-1,"Rethban Caverns",0.000000,0.000000,0.000000,0.000000,0.000000,0.000000,0.000000,4128894,"",0.000000,0.000000,0.000000,0.000000,0.000000,0.000000,0.000000,4128892,0,
1507,0,4,0,-573.458984,-4590.509766,10.412500,0,13,307,"Revantusk Village",0.000000,0.000000,0.000000,0.000000,0.000000,0.000000,0.000000,4128894,"",0.000000,0.000000,0.000000,0.000000,0.000000,0.000000,0.000000,4128876,0,
1127,0,6,0,-11076.000000,-1139.979980,42.876801,0,4,241,"Roland's Doom",0.000000,0.000000,0.000000,0.000000,0.000000,0.000000,0.000000,4128894,"",0.000000,0.000000,0.000000,0.000000,0.000000,0.000000,0.000000,4128892,0,
710,0,6,0,1262.189941,-2579.409912,126.370003,0,4,-1,"Scholomance",0.000000,0.000000,0.000000,0.000000,0.000000,0.000000,0.000000,4128894,"",0.000000,0.000000,0.000000,0.000000,0.000000,0.000000,0.000000,4128892,0,
15,3,4,0,-10503.700195,1027.760010,55.583099,0,13,-1,"Sentinel Hill",0.000000,0.000000,0.000000,0.000000,0.000000,0.000000,0.000000,8323198,"",0.000000,0.000000,0.000000,0.000000,0.000000,0.000000,0.000000,4128892,0,
247,0,2,0,861.216003,-558.216980,146.610001,0,4,282,"Slaughter Hollow",0.000000,0.000000,0.000000,0.000000,0.000000,0.000000,0.000000,4128894,"",0.000000,0.000000,0.000000,0.000000,0.000000,0.000000,0.000000,4128892,0,
1289,0,6,0,-10740.799805,-1973.680054,134.632004,0,4,2938,"Sleeping Gorge",0.000000,0.000000,0.000000,0.000000,0.000000,0.000000,0.000000,4128894,"",0.000000,0.000000,0.000000,0.000000,0.000000,0.000000,0.000000,4128892,0,
1176,0,6,0,-7652.520020,-3030.610107,134.255997,0,4,2420,"Slither Rock",0.000000,0.000000,0.000000,0.000000,0.000000,0.000000,0.000000,4128894,"",0.000000,0.000000,0.000000,0.000000,0.000000,0.000000,0.000000,4128892,0,
22,3,4,0,-803.031006,-531.726990,15.965400,0,13,-1,"Southshore",0.000000,0.000000,0.000000,0.000000,0.000000,0.000000,0.000000,8323198,"",0.000000,0.000000,0.000000,0.000000,0.000000,0.000000,0.000000,4128892,0,
1007,0,6,0,-13751.400391,-18.316500,49.276798,0,4,1737,"Spirit Den",0.000000,0.000000,0.000000,0.000000,0.000000,0.000000,0.000000,4128894,"",0.000000,0.000000,0.000000,0.000000,0.000000,0.000000,0.000000,4128892,0,
1012,0,6,0,-10803.200195,-3739.010010,27.558599,0,4,1797,"Stagalbog Cave",0.000000,0.000000,0.000000,0.000000,0.000000,0.000000,0.000000,4128894,"",0.000000,0.000000,0.000000,0.000000,0.000000,0.000000,0.000000,4128892,0,
947,0,6,0,-5488.040039,-658.669983,394.303986,0,4,131,"Steelgrill's Depot",0.000000,0.000000,0.000000,0.000000,0.000000,0.000000,0.000000,4128894,"",0.000000,0.000000,0.000000,0.000000,0.000000,0.000000,0.000000,4128892,0,
788,3,4,0,-10443.700195,-3277.489990,20.178200,0,13,-1,"Stonard",0.000000,0.000000,0.000000,0.000000,0.000000,0.000000,0.000000,4128894,"",0.000000,0.000000,0.000000,0.000000,0.000000,0.000000,0.000000,4128892,0,
951,0,6,0,-9901.139648,378.190002,35.280201,0,4,57,"Stonefield Farm",0.000000,0.000000,0.000000,0.000000,0.000000,0.000000,0.000000,4128894,"",0.000000,0.000000,0.000000,0.000000,0.000000,0.000000,0.000000,4128892,0,
16,3,5,0,-9153.769531,364.057007,90.482903,0,29,-1,"Stormwind",0.000000,0.000000,0.000000,0.000000,0.000000,0.000000,0.000000,8323198,"",0.000000,0.000000,0.000000,0.000000,0.000000,0.000000,0.000000,4128892,0,
23,3,4,0,-27.035400,-900.562012,55.960300,0,13,-1,"Tarren Mill",0.000000,0.000000,0.000000,0.000000,0.000000,0.000000,0.000000,8323198,"",0.000000,0.000000,0.000000,0.000000,0.000000,0.000000,0.000000,4128892,0,
1013,0,6,0,-10429.900391,-3828.520020,37.991299,0,4,74,"Temple of Atal'Hakkar",0.000000,0.000000,0.000000,0.000000,0.000000,0.000000,0.000000,4128894,"",0.000000,0.000000,0.000000,0.000000,0.000000,0.000000,0.000000,4128892,0,
1017,0,6,0,3035.330078,-2773.899902,102.873001,0,4,2627,"Terrorweb Tunnel",0.000000,0.000000,0.000000,0.000000,0.000000,0.000000,0.000000,4128894,"",0.000000,0.000000,0.000000,0.000000,0.000000,0.000000,0.000000,4128892,0,
17,3,4,0,508.072998,1619.020020,125.272003,0,13,-1,"The Sepulcher",0.000000,0.000000,0.000000,0.000000,0.000000,0.000000,0.000000,8323198,"",0.000000,0.000000,0.000000,0.000000,0.000000,0.000000,0.000000,4128892,0,
1014,0,6,0,-1778.209961,-1513.160034,64.920898,0,4,324,"The Tower of Arathor",0.000000,0.000000,0.000000,0.000000,0.000000,0.000000,0.000000,4128894,"",0.000000,0.000000,0.000000,0.000000,0.000000,0.000000,0.000000,4128892,0,
18,4,5,0,1849.689941,235.699005,61.656399,0,29,-1,"The Undercity",0.000000,0.000000,0.000000,0.000000,0.000000,0.000000,0.000000,8323198,"",0.000000,0.000000,0.000000,0.000000,0.000000,0.000000,0.000000,4128892,0,
1551,0,6,0,2249.610107,-2389.629883,59.801300,0,4,198,"The Weeping Cave",0.000000,0.000000,0.000000,0.000000,0.000000,0.000000,0.000000,4128894,"",0.000000,0.000000,0.000000,0.000000,0.000000,0.000000,0.000000,4128876,0,
19,3,4,0,-5349.270020,-2959.909912,323.627014,0,13,-1,"Thelsamar",0.000000,0.000000,0.000000,0.000000,0.000000,0.000000,0.000000,8323198,"",0.000000,0.000000,0.000000,0.000000,0.000000,0.000000,0.000000,4128892,0,
1508,0,6,0,-6513.680176,-1142.760010,309.817993,0,4,1442,"Thorium Point",0.000000,0.000000,0.000000,0.000000,0.000000,0.000000,0.000000,4128894,"",0.000000,0.000000,0.000000,0.000000,0.000000,0.000000,0.000000,4128876,0,
955,0,6,0,-9281.330078,-3318.810059,122.249001,0,4,1000,"Tower of Ilgalar",0.000000,0.000000,0.000000,0.000000,0.000000,0.000000,0.000000,4128894,"",0.000000,0.000000,0.000000,0.000000,0.000000,0.000000,0.000000,4128892,0,
1027,0,6,0,-6092.009766,-3179.350098,257.187988,0,4,1897,"Uldaman",0.000000,0.000000,0.000000,0.000000,0.000000,0.000000,0.000000,4128894,"",0.000000,0.000000,0.000000,0.000000,0.000000,0.000000,0.000000,4128892,0,
1698,3,41,0,-11456.900391,-2981.409912,6.548020,0,152,-1,"Under Attack",0.000000,0.000000,0.000000,0.000000,0.000000,0.000000,0.000000,4128894,"Blasted Lands",0.000000,0.000000,0.000000,0.000000,0.000000,0.000000,0.000000,4128894,2261,
1699,3,41,0,-7741.189941,-2722.209961,178.009995,0,152,-1,"Under Attack",0.000000,0.000000,0.000000,0.000000,0.000000,0.000000,0.000000,4128894,"Burning Steppes",0.000000,0.000000,0.000000,0.000000,0.000000,0.000000,0.000000,4128894,2262,
1701,3,41,0,2414.500000,-3919.260010,212.740997,0,152,-1,"Under Attack",0.000000,0.000000,0.000000,0.000000,0.000000,0.000000,0.000000,4128894,"Eastern Plaguelands",0.000000,0.000000,0.000000,0.000000,0.000000,0.000000,0.000000,4128894,2264,
709,0,6,0,969.176025,-1825.520020,99.606697,0,4,197,"Uther's Tomb",0.000000,0.000000,0.000000,0.000000,0.000000,0.000000,0.000000,4128894,"",0.000000,0.000000,0.000000,0.000000,0.000000,0.000000,0.000000,4128892,0,
1703,0,6,0,908.754028,1255.630005,45.968601,0,4,227,"Valgan's Field",0.000000,0.000000,0.000000,0.000000,0.000000,0.000000,0.000000,4128894,"",0.000000,0.000000,0.000000,0.000000,0.000000,0.000000,0.000000,4128844,0,
1029,0,6,0,-9615.709961,667.327026,38.652199,0,4,60,"Westbrook Garrison",0.000000,0.000000,0.000000,0.000000,0.000000,0.000000,0.000000,4128894,"",0.000000,0.000000,0.000000,0.000000,0.000000,0.000000,0.000000,4128892,0,
1015,0,6,0,316.946014,-2119.300049,122.042000,0,4,348,"Wildhammer Keep",0.000000,0.000000,0.000000,0.000000,0.000000,0.000000,0.000000,4128894,"",0.000000,0.000000,0.000000,0.000000,0.000000,0.000000,0.000000,4128892,0,
1588,0,6,0,-11874.599609,1250.729980,11.272300,0,4,-1,"Yojamba Isle",0.000000,0.000000,0.000000,0.000000,0.000000,0.000000,0.000000,4128894,"",0.000000,0.000000,0.000000,0.000000,0.000000,0.000000,0.000000,4128876,0,
36,3,4,84,10462.700195,805.992981,1312.660034,1,5,188,"Aldrassil",0.000000,0.000000,0.000000,0.000000,0.000000,0.000000,0.000000,8323198,"",0.000000,0.000000,0.000000,0.000000,0.000000,0.000000,0.000000,4128892,0,
907,0,6,0,10479.599609,812.281006,1322.750000,1,4,188,"Aldrassil",0.000000,0.000000,0.000000,0.000000,0.000000,0.000000,0.000000,4128894,"",0.000000,0.000000,0.000000,0.000000,0.000000,0.000000,0.000000,4128892,0,
42,3,4,84,2720.429932,-382.390991,107.089996,1,13,-1,"Astranaar",0.000000,0.000000,0.000000,0.000000,0.000000,0.000000,0.000000,8323198,"",0.000000,0.000000,0.000000,0.000000,0.000000,0.000000,0.000000,4128892,0,
798,3,4,0,6439.330078,411.950989,10.863200,1,13,-1,"Auberdine",0.000000,0.000000,0.000000,0.000000,0.000000,0.000000,0.000000,4128894,"",0.000000,0.000000,0.000000,0.000000,0.000000,0.000000,0.000000,4128892,0,
911,0,6,0,9864.169922,1557.410034,1329.300049,1,4,736,"Ban'ethil Barrow Den",0.000000,0.000000,0.000000,0.000000,0.000000,0.000000,0.000000,4128894,"",0.000000,0.000000,0.000000,0.000000,0.000000,0.000000,0.000000,4128892,0,
1233,0,6,0,3827.370117,-161.304993,-0.606824,1,4,413,"Bathran's Haunt",0.000000,0.000000,0.000000,0.000000,0.000000,0.000000,0.000000,4128894,"",0.000000,0.000000,0.000000,0.000000,0.000000,0.000000,0.000000,4128892,0,
1048,0,6,0,4619.419922,25.612600,70.494598,1,4,449,"Blackwood Den",0.000000,0.000000,0.000000,0.000000,0.000000,0.000000,0.000000,4128894,"",0.000000,0.000000,0.000000,0.000000,0.000000,0.000000,0.000000,4128892,0,
1096,0,6,0,-4335.040039,-2639.530029,39.631699,1,4,509,"Bloodfen Burrow",0.000000,0.000000,0.000000,0.000000,0.000000,0.000000,0.000000,4128894,"",0.000000,0.000000,0.000000,0.000000,0.000000,0.000000,0.000000,4128892,0,
28,3,6,83,-2323.919922,-394.980988,-9.127570,1,5,0,"Bloodhoof Village",0.000000,0.000000,0.000000,0.000000,0.000000,0.000000,0.000000,8323198,"",0.000000,0.000000,0.000000,0.000000,0.000000,0.000000,0.000000,4128892,0,
1244,0,6,0,1612.520020,-1465.099976,157.022995,1,4,421,"Bloodtooth Camp",0.000000,0.000000,0.000000,0.000000,0.000000,0.000000,0.000000,4128894,"",0.000000,0.000000,0.000000,0.000000,0.000000,0.000000,0.000000,4128892,0,
1220,0,6,0,5111.979980,-353.403015,357.230988,1,4,1765,"Bloodvenom Post",0.000000,0.000000,0.000000,0.000000,0.000000,0.000000,0.000000,4128894,"",0.000000,0.000000,0.000000,0.000000,0.000000,0.000000,0.000000,4128892,0,
1090,0,6,0,-2685.320068,-3087.580078,41.450500,1,4,496,"Bluefen",0.000000,0.000000,0.000000,0.000000,0.000000,0.000000,0.000000,4128894,"",0.000000,0.000000,0.000000,0.000000,0.000000,0.000000,0.000000,4128892,0,
1147,0,6,0,-2281.949951,2499.600098,73.753601,1,4,606,"Bolgan's Hole",0.000000,0.000000,0.000000,0.000000,0.000000,0.000000,0.000000,4128894,"",0.000000,0.000000,0.000000,0.000000,0.000000,0.000000,0.000000,4128892,0,
1473,0,6,0,-7234.609863,874.223999,0.285852,1,4,3425,"Bones of Grakkarond",0.000000,0.000000,0.000000,0.000000,0.000000,0.000000,0.000000,4128894,"",0.000000,0.000000,0.000000,0.000000,0.000000,0.000000,0.000000,4128876,0,
1684,0,15,0,-3132.979980,-2880.709961,34.717899,1,3,496,"Brackenwall Village",0.000000,0.000000,0.000000,0.000000,0.000000,0.000000,0.000000,4128894,"",0.000000,0.000000,0.000000,0.000000,0.000000,0.000000,0.000000,4128876,0,
1694,0,6,0,-8021.759766,1105.839966,3.548710,1,4,3427,"Bronzebeard Encampment",0.000000,0.000000,0.000000,0.000000,0.000000,0.000000,0.000000,4128894,"",0.000000,0.000000,0.000000,0.000000,0.000000,0.000000,0.000000,4128876,0,
790,3,4,0,-4394.979980,215.610992,25.413300,1,13,-1,"Camp Mojache",0.000000,0.000000,0.000000,0.000000,0.000000,0.000000,0.000000,4128894,"",0.000000,0.000000,0.000000,0.000000,0.000000,0.000000,0.000000,4128892,0,
30,3,6,83,-2906.489990,-253.606995,52.940701,1,5,0,"Camp Narache",0.000000,0.000000,0.000000,0.000000,0.000000,0.000000,0.000000,8323198,"",0.000000,0.000000,0.000000,0.000000,0.000000,0.000000,0.000000,4128892,0,
1469,3,4,0,-2352.659912,-1921.670044,95.782501,1,13,-1,"Camp Taurajo",0.000000,0.000000,0.000000,0.000000,0.000000,0.000000,0.000000,4128894,"",0.000000,0.000000,0.000000,0.000000,0.000000,0.000000,0.000000,4128876,0,
1685,3,4,0,-6886.149902,718.398010,42.798000,1,13,3425,"Cenarion Hold",0.000000,0.000000,0.000000,0.000000,0.000000,0.000000,0.000000,4128894,"",0.000000,0.000000,0.000000,0.000000,0.000000,0.000000,0.000000,4128876,0,
1050,0,6,0,6870.569824,-662.395996,86.642998,1,4,456,"Cliffspring Falls",0.000000,0.000000,0.000000,0.000000,0.000000,0.000000,0.000000,4128894,"",0.000000,0.000000,0.000000,0.000000,0.000000,0.000000,0.000000,4128892,0,
1228,0,6,0,1543.569946,70.133797,-10.381700,1,4,461,"Cragpool Lake",0.000000,0.000000,0.000000,0.000000,0.000000,0.000000,0.000000,4128894,"",0.000000,0.000000,0.000000,0.000000,0.000000,0.000000,0.000000,4128892,0,
1108,0,6,0,-5086.209961,-1919.439941,88.181099,1,4,2097,"Darkcloud Pinnacle",0.000000,0.000000,0.000000,0.000000,0.000000,0.000000,0.000000,4128894,"",0.000000,0.000000,0.000000,0.000000,0.000000,0.000000,0.000000,4128892,0,
1088,0,6,0,-2829.790039,-2722.810059,36.788399,1,4,496,"Darkmist Cavern",0.000000,0.000000,0.000000,0.000000,0.000000,0.000000,0.000000,4128894,"",0.000000,0.000000,0.000000,0.000000,0.000000,0.000000,0.000000,4128892,0,
38,3,5,84,9951.750000,2254.500000,1335.420044,1,29,-1,"Darnassus",0.000000,0.000000,0.000000,0.000000,0.000000,0.000000,0.000000,8323198,"",0.000000,0.000000,0.000000,0.000000,0.000000,0.000000,0.000000,4128892,0,
1239,0,6,0,1702.449951,-3150.989990,93.522903,1,4,434,"Demon Fall Canyon",0.000000,0.000000,0.000000,0.000000,0.000000,0.000000,0.000000,4128894,"",0.000000,0.000000,0.000000,0.000000,0.000000,0.000000,0.000000,4128892,0,
37,3,4,84,9787.990234,949.896973,1306.729980,1,1,-1,"Dolanaar",0.000000,0.000000,0.000000,0.000000,0.000000,0.000000,0.000000,8323198,"",0.000000,0.000000,0.000000,0.000000,0.000000,0.000000,0.000000,4128892,0,
1214,0,6,0,5718.830078,-4507.310059,761.083008,1,4,2245,"Dun Mandarr",0.000000,0.000000,0.000000,0.000000,0.000000,0.000000,0.000000,4128894,"",0.000000,0.000000,0.000000,0.000000,0.000000,0.000000,0.000000,4128892,0,
1095,0,6,0,-4987.729980,-3832.989990,44.849701,1,4,511,"Emberstrife's Den",0.000000,0.000000,0.000000,0.000000,0.000000,0.000000,0.000000,4128894,"",0.000000,0.000000,0.000000,0.000000,0.000000,0.000000,0.000000,4128892,0,
794,3,4,0,6723.459961,-4662.500000,722.806030,1,13,-1,"Everlook",0.000000,0.000000,0.000000,0.000000,0.000000,0.000000,0.000000,4128894,"",0.000000,0.000000,0.000000,0.000000,0.000000,0.000000,0.000000,4128892,0,
1235,0,6,0,2231.209961,-2222.909912,94.410202,1,4,428,"Falfarren River",0.000000,0.000000,0.000000,0.000000,0.000000,0.000000,0.000000,4128894,"",0.000000,0.000000,0.000000,0.000000,0.000000,0.000000,0.000000,4128892,0,
796,3,4,0,-4434.990234,3276.739990,11.778500,1,13,-1,"Feathermoon Stronghold",0.000000,0.000000,0.000000,0.000000,0.000000,0.000000,0.000000,4128894,"",0.000000,0.000000,0.000000,0.000000,0.000000,0.000000,0.000000,4128892,0,
909,0,6,0,10050.599609,1031.199951,1329.949951,1,4,186,"Fel Rock",0.000000,0.000000,0.000000,0.000000,0.000000,0.000000,0.000000,4128894,"",0.000000,0.000000,0.000000,0.000000,0.000000,0.000000,0.000000,4128892,0,
1238,0,6,0,2880.330078,-3287.540039,157.819000,1,4,430,"Forest Song",0.000000,0.000000,0.000000,0.000000,0.000000,0.000000,0.000000,4128894,"",0.000000,0.000000,0.000000,0.000000,0.000000,0.000000,0.000000,4128892,0,
1067,0,6,0,-1668.510010,-4329.200195,3.266950,1,4,-1,"Fray Island",0.000000,0.000000,0.000000,0.000000,0.000000,0.000000,0.000000,4128894,"",0.000000,0.000000,0.000000,0.000000,0.000000,0.000000,0.000000,4128892,0,
46,3,4,83,-5454.069824,-2445.500000,90.113297,1,13,0,"Freewind Post",0.000000,0.000000,0.000000,0.000000,0.000000,0.000000,0.000000,8323198,"",0.000000,0.000000,0.000000,0.000000,0.000000,0.000000,0.000000,4128892,0,
1105,0,6,0,-6370.149902,-1836.520020,-258.028992,1,4,538,"Fungal Rock",0.000000,0.000000,0.000000,0.000000,0.000000,0.000000,0.000000,4128894,"",0.000000,0.000000,0.000000,0.000000,0.000000,0.000000,0.000000,4128892,0,
789,3,4,0,-7139.149902,-3752.110107,8.539800,1,13,-1,"Gadgetzan",0.000000,0.000000,0.000000,0.000000,0.000000,0.000000,0.000000,4128894,"",0.000000,0.000000,0.000000,0.000000,0.000000,0.000000,0.000000,4128892,0,
1149,0,6,0,-1224.060059,1736.670044,90.022301,1,4,596,"Ghost Walker Post",0.000000,0.000000,0.000000,0.000000,0.000000,0.000000,0.000000,4128894,"",0.000000,0.000000,0.000000,0.000000,0.000000,0.000000,0.000000,4128892,0,
1243,0,6,0,2291.290039,-1444.959961,87.879700,1,4,421,"Greenpaw Village",0.000000,0.000000,0.000000,0.000000,0.000000,0.000000,0.000000,4128894,"",0.000000,0.000000,0.000000,0.000000,0.000000,0.000000,0.000000,4128892,0,
708,0,6,0,3556.639893,-6232.790039,44.008598,1,4,1227,"Hetaera's Clutch",0.000000,0.000000,0.000000,0.000000,0.000000,0.000000,0.000000,4128894,"",0.000000,0.000000,0.000000,0.000000,0.000000,0.000000,0.000000,4128892,0,
1114,0,6,0,-5848.049805,-3412.379883,-51.055500,1,4,2303,"Ironstone Camp",0.000000,0.000000,0.000000,0.000000,0.000000,0.000000,0.000000,4128894,"",0.000000,0.000000,0.000000,0.000000,0.000000,0.000000,0.000000,4128892,0,
1219,0,6,0,6481.870117,-1571.000000,438.964996,1,4,1767,"Irontree Cavern",0.000000,0.000000,0.000000,0.000000,0.000000,0.000000,0.000000,4128894,"",0.000000,0.000000,0.000000,0.000000,0.000000,0.000000,0.000000,4128892,0,
1175,0,6,0,-4052.719971,81.552498,77.175499,1,4,1103,"Lariss Pavillion",0.000000,0.000000,0.000000,0.000000,0.000000,0.000000,0.000000,4128894,"",0.000000,0.000000,0.000000,0.000000,0.000000,0.000000,0.000000,4128892,0,
1091,0,6,0,-3925.500000,-2862.149902,46.479099,1,4,2302,"Lost Point",0.000000,0.000000,0.000000,0.000000,0.000000,0.000000,0.000000,4128894,"",0.000000,0.000000,0.000000,0.000000,0.000000,0.000000,0.000000,4128892,0,
1148,0,6,0,-1422.619995,2918.449951,136.147003,1,4,607,"Maraudon",0.000000,0.000000,0.000000,0.000000,0.000000,0.000000,0.000000,4128894,"",0.000000,0.000000,0.000000,0.000000,0.000000,0.000000,0.000000,4128892,0,
1104,0,6,0,-6143.209961,-1078.890015,-198.365997,1,4,538,"Marshal's Refuge",0.000000,0.000000,0.000000,0.000000,0.000000,0.000000,0.000000,4128894,"",0.000000,0.000000,0.000000,0.000000,0.000000,0.000000,0.000000,4128892,0,
1110,0,6,0,-6239.419922,-3973.120117,-58.750099,1,4,439,"Mirage Raceway",0.000000,0.000000,0.000000,0.000000,0.000000,0.000000,0.000000,4128894,"",0.000000,0.000000,0.000000,0.000000,0.000000,0.000000,0.000000,4128892,0,
1217,0,6,0,7123.020020,-4631.569824,639.679993,1,4,2255,"Moon Horror Den",0.000000,0.000000,0.000000,0.000000,0.000000,0.000000,0.000000,4128894,"",0.000000,0.000000,0.000000,0.000000,0.000000,0.000000,0.000000,4128892,0,
1512,0,6,0,1035.130005,-2113.340088,122.945000,1,4,1703,"Mor'shan Base Camp",0.000000,0.000000,0.000000,0.000000,0.000000,0.000000,0.000000,4128894,"",0.000000,0.000000,0.000000,0.000000,0.000000,0.000000,0.000000,4128876,0,
1247,0,6,0,7961.750000,-2491.770020,487.882996,1,4,656,"Nighthaven",0.000000,0.000000,0.000000,0.000000,0.000000,0.000000,0.000000,4128894,"",0.000000,0.000000,0.000000,0.000000,0.000000,0.000000,0.000000,4128892,0,
799,3,4,0,202.520996,1308.239990,190.235992,1,13,-1,"Nijel's Point",0.000000,0.000000,0.000000,0.000000,0.000000,0.000000,0.000000,4128894,"",0.000000,0.000000,0.000000,0.000000,0.000000,0.000000,0.000000,4128892,0,
1089,0,6,0,-2884.790039,-3429.989990,39.356998,1,4,496,"North Point Tower",0.000000,0.000000,0.000000,0.000000,0.000000,0.000000,0.000000,4128894,"",0.000000,0.000000,0.000000,0.000000,0.000000,0.000000,0.000000,4128892,0,
1094,0,6,0,-4698.060059,-3720.580078,50.464001,1,4,511,"Onyxia's Lair",0.000000,0.000000,0.000000,0.000000,0.000000,0.000000,0.000000,4128894,"",0.000000,0.000000,0.000000,0.000000,0.000000,0.000000,0.000000,4128892,0,
33,3,5,83,1381.770020,-4371.160156,26.023300,1,29,-1,"Orgrimmar",0.000000,0.000000,0.000000,0.000000,0.000000,0.000000,0.000000,8323198,"",0.000000,0.000000,0.000000,0.000000,0.000000,0.000000,0.000000,4128892,0,
1690,0,6,0,-7586.169922,226.395996,12.366100,1,4,2744,"Ortell's Hideout",0.000000,0.000000,0.000000,0.000000,0.000000,0.000000,0.000000,4128894,"",0.000000,0.000000,0.000000,0.000000,0.000000,0.000000,0.000000,4128876,0,
1168,0,6,0,-3842.709961,1738.939941,149.973999,1,4,1119,"Rage Scar Hold",0.000000,0.000000,0.000000,0.000000,0.000000,0.000000,0.000000,4128894,"",0.000000,0.000000,0.000000,0.000000,0.000000,0.000000,0.000000,4128892,0,
39,3,4,0,-951.364014,-3680.070068,8.040180,1,13,0,"Ratchet",0.000000,0.000000,0.000000,0.000000,0.000000,0.000000,0.000000,8323198,"",0.000000,0.000000,0.000000,0.000000,0.000000,0.000000,0.000000,4128892,0,
1171,0,6,0,-6206.250000,1766.949951,17.463699,1,4,2740,"Ravaged Twilight Camp",0.000000,0.000000,0.000000,0.000000,0.000000,0.000000,0.000000,4128894,"",0.000000,0.000000,0.000000,0.000000,0.000000,0.000000,0.000000,4128892,0,
31,3,6,83,312.658997,-4745.520020,9.547260,1,5,362,"Razor Hill",0.000000,0.000000,0.000000,0.000000,0.000000,0.000000,0.000000,8323198,"",0.000000,0.000000,0.000000,0.000000,0.000000,0.000000,0.000000,4128892,0,
913,0,6,0,636.963013,-4534.040039,8.820650,1,4,410,"Razorwind Canyon",0.000000,0.000000,0.000000,0.000000,0.000000,0.000000,0.000000,4128894,"",0.000000,0.000000,0.000000,0.000000,0.000000,0.000000,0.000000,4128892,0,
1216,0,6,0,2195.669922,-6438.330078,2.131050,1,4,1256,"Rethress Sanctum",0.000000,0.000000,0.000000,0.000000,0.000000,0.000000,0.000000,4128894,"",0.000000,0.000000,0.000000,0.000000,0.000000,0.000000,0.000000,4128892,0,
1109,0,6,0,-5466.709961,-1636.270020,29.025200,1,4,483,"Roguefeather Den",0.000000,0.000000,0.000000,0.000000,0.000000,0.000000,0.000000,4128894,"",0.000000,0.000000,0.000000,0.000000,0.000000,0.000000,0.000000,4128892,0,
1169,0,6,0,-4852.910156,3616.629883,16.418600,1,4,1117,"Ruins of Solarsal",0.000000,0.000000,0.000000,0.000000,0.000000,0.000000,0.000000,4128894,"",0.000000,0.000000,0.000000,0.000000,0.000000,0.000000,0.000000,4128892,0,
1724,0,42,0,-6548.720215,1150.510010,-1.236840,1,134,-1,"Sandworm!",0.000000,0.000000,0.000000,0.000000,0.000000,0.000000,0.000000,4128894,"A Silithyst beast has surfaced",0.000000,0.000000,0.000000,0.000000,0.000000,0.000000,0.000000,4128894,2322,
1725,0,42,0,-7786.009766,978.815002,-2.903490,1,134,-1,"Sandworm!",0.000000,0.000000,0.000000,0.000000,0.000000,0.000000,0.000000,4128894,"A Silithyst beast has surfaced",0.000000,0.000000,0.000000,0.000000,0.000000,0.000000,0.000000,4128894,2323,
1726,0,42,0,-7463.299805,1411.699951,3.707450,1,134,-1,"Sandworm!",0.000000,0.000000,0.000000,0.000000,0.000000,0.000000,0.000000,4128894,"A Silithyst beast has surfaced",0.000000,0.000000,0.000000,0.000000,0.000000,0.000000,0.000000,4128894,2324,
1727,0,42,0,-7377.080078,447.045990,4.535460,1,134,-1,"Sandworm!",0.000000,0.000000,0.000000,0.000000,0.000000,0.000000,0.000000,4128894,"A Silithyst beast has surfaced",0.000000,0.000000,0.000000,0.000000,0.000000,0.000000,0.000000,4128894,2325,
1211,0,6,0,3705.100098,-6043.450195,2.507830,1,4,1227,"Scalebeard's Cave",0.000000,0.000000,0.000000,0.000000,0.000000,0.000000,0.000000,4128894,"",0.000000,0.000000,0.000000,0.000000,0.000000,0.000000,0.000000,4128892,0,
1150,0,6,0,-1407.869995,1493.130005,60.887100,1,4,602,"Scrabblescrew's Camp",0.000000,0.000000,0.000000,0.000000,0.000000,0.000000,0.000000,4128894,"",0.000000,0.000000,0.000000,0.000000,0.000000,0.000000,0.000000,4128892,0,
34,3,6,83,-819.492004,-4918.240234,19.340099,1,5,367,"Sen'jin Village",0.000000,0.000000,0.000000,0.000000,0.000000,0.000000,0.000000,8323198,"",0.000000,0.000000,0.000000,0.000000,0.000000,0.000000,0.000000,4128892,0,
1097,0,6,0,-3476.590088,-4109.080078,17.104099,1,4,502,"Sentry Point",0.000000,0.000000,0.000000,0.000000,0.000000,0.000000,0.000000,4128894,"",0.000000,0.000000,0.000000,0.000000,0.000000,0.000000,0.000000,4128892,0,
795,3,4,0,-1657.849976,3097.919922,30.499500,1,13,-1,"Shadowprey Village",0.000000,0.000000,0.000000,0.000000,0.000000,0.000000,0.000000,4128894,"",0.000000,0.000000,0.000000,0.000000,0.000000,0.000000,0.000000,4128892,0,
908,0,6,0,10756.200195,921.301025,1338.560059,1,4,188,"Shadowthread Cave",0.000000,0.000000,0.000000,0.000000,0.000000,0.000000,0.000000,4128894,"",0.000000,0.000000,0.000000,0.000000,0.000000,0.000000,0.000000,4128892,0,
1087,0,6,0,-3723.629883,-2535.179932,69.565102,1,4,2302,"Shady Rest Inn",0.000000,0.000000,0.000000,0.000000,0.000000,0.000000,0.000000,4128894,"",0.000000,0.000000,0.000000,0.000000,0.000000,0.000000,0.000000,4128892,0,
1187,0,6,0,-5492.370117,3622.790039,3.703770,1,4,1121,"Shalzaru's Lair",0.000000,0.000000,0.000000,0.000000,0.000000,0.000000,0.000000,4128894,"",0.000000,0.000000,0.000000,0.000000,0.000000,0.000000,0.000000,4128892,0,
1246,0,6,0,7856.180176,-2215.449951,471.303986,1,4,656,"Shrine of Remulos",0.000000,0.000000,0.000000,0.000000,0.000000,0.000000,0.000000,4128894,"",0.000000,0.000000,0.000000,0.000000,0.000000,0.000000,0.000000,4128892,0,
1242,0,6,0,2130.270020,-1190.250000,99.863098,1,4,421,"Silverwind Refuge",0.000000,0.000000,0.000000,0.000000,0.000000,0.000000,0.000000,4128894,"",0.000000,0.000000,0.000000,0.000000,0.000000,0.000000,0.000000,4128892,0,
1513,0,6,0,1462.479980,-1858.930054,123.550003,1,4,422,"Silverwing Grove",0.000000,0.000000,0.000000,0.000000,0.000000,0.000000,0.000000,4128894,"",0.000000,0.000000,0.000000,0.000000,0.000000,0.000000,0.000000,4128876,0,
1240,0,6,0,1776.640015,-2065.149902,104.194000,1,4,422,"Silverwing Outpost",0.000000,0.000000,0.000000,0.000000,0.000000,0.000000,0.000000,4128894,"",0.000000,0.000000,0.000000,0.000000,0.000000,0.000000,0.000000,4128892,0,
1227,0,6,0,515.844971,624.049988,68.159302,1,4,2541,"Sishir Canyon",0.000000,0.000000,0.000000,0.000000,0.000000,0.000000,0.000000,4128894,"",0.000000,0.000000,0.000000,0.000000,0.000000,0.000000,0.000000,4128892,0,
1471,3,4,0,2286.409912,-2564.669922,105.478996,1,13,-1,"Splintertree Post",0.000000,0.000000,0.000000,0.000000,0.000000,0.000000,0.000000,4128894,"",0.000000,0.000000,0.000000,0.000000,0.000000,0.000000,0.000000,4128876,0,
1112,0,6,0,-5065.609863,-2367.610107,-53.672501,1,4,481,"Splithoof Hold",0.000000,0.000000,0.000000,0.000000,0.000000,0.000000,0.000000,4128894,"",0.000000,0.000000,0.000000,0.000000,0.000000,0.000000,0.000000,4128892,0,
1688,0,6,0,-6517.490234,97.555397,126.125000,1,4,3426,"Staghelm Point",0.000000,0.000000,0.000000,0.000000,0.000000,0.000000,0.000000,4128894,"",0.000000,0.000000,0.000000,0.000000,0.000000,0.000000,0.000000,4128876,0,
1093,0,6,0,-4346.020020,-3321.149902,34.254700,1,4,510,"Stonemaul Ruins",0.000000,0.000000,0.000000,0.000000,0.000000,0.000000,0.000000,4128894,"",0.000000,0.000000,0.000000,0.000000,0.000000,0.000000,0.000000,4128892,0,
44,3,4,84,2658.780029,1449.709961,226.134995,1,13,0,"Stonetalon Peak",0.000000,0.000000,0.000000,0.000000,0.000000,0.000000,0.000000,8323198,"",0.000000,0.000000,0.000000,0.000000,0.000000,0.000000,0.000000,4128892,0,
1248,0,6,0,7564.509766,-2951.719971,466.682007,1,4,656,"Stormrage Barrow Dens",0.000000,0.000000,0.000000,0.000000,0.000000,0.000000,0.000000,4128894,"",0.000000,0.000000,0.000000,0.000000,0.000000,0.000000,0.000000,4128892,0,
701,3,4,0,936.307983,910.973999,104.439003,1,13,-1,"Sun Rock Retreat",0.000000,0.000000,0.000000,0.000000,0.000000,0.000000,0.000000,4128894,"",0.000000,0.000000,0.000000,0.000000,0.000000,0.000000,0.000000,4128892,0,
1098,0,6,0,-2949.469971,-3893.500000,35.030300,1,4,502,"Swamplight Manor",0.000000,0.000000,0.000000,0.000000,0.000000,0.000000,0.000000,4128894,"",0.000000,0.000000,0.000000,0.000000,0.000000,0.000000,0.000000,4128892,0,
1116,0,6,0,-6569.910156,-3894.969971,-58.750000,1,4,439,"Tahonda Ruins",0.000000,0.000000,0.000000,0.000000,0.000000,0.000000,0.000000,4128894,"",0.000000,0.000000,0.000000,0.000000,0.000000,0.000000,0.000000,4128892,0,
1215,0,6,0,2707.719971,-3869.250000,104.207001,1,4,1235,"Talrendis Point",0.000000,0.000000,0.000000,0.000000,0.000000,0.000000,0.000000,4128894,"",0.000000,0.000000,0.000000,0.000000,0.000000,0.000000,0.000000,4128892,0,
707,0,6,0,3549.149902,-5359.120117,204.102005,1,4,1221,"Temple of Zin-Malor",0.000000,0.000000,0.000000,0.000000,0.000000,0.000000,0.000000,4128894,"",0.000000,0.000000,0.000000,0.000000,0.000000,0.000000,0.000000,4128892,0,
45,3,4,84,-4510.029785,-779.473999,-41.535301,1,13,0,"Thalanaar",0.000000,0.000000,0.000000,0.000000,0.000000,0.000000,0.000000,8323198,"",0.000000,0.000000,0.000000,0.000000,0.000000,0.000000,0.000000,4128892,0,
912,0,6,0,10316.400391,1200.619995,1458.089966,1,4,266,"The Cleft",0.000000,0.000000,0.000000,0.000000,0.000000,0.000000,0.000000,4128894,"",0.000000,0.000000,0.000000,0.000000,0.000000,0.000000,0.000000,4128892,0,
35,3,4,83,-455.899994,-2652.149902,95.586502,1,13,-1,"The Crossroads",0.000000,0.000000,0.000000,0.000000,0.000000,0.000000,0.000000,8323198,"",0.000000,0.000000,0.000000,0.000000,0.000000,0.000000,0.000000,4128892,0,
32,3,6,83,-604.098022,-4202.919922,38.728100,1,5,0,"The Den",0.000000,0.000000,0.000000,0.000000,0.000000,0.000000,0.000000,8323198,"",0.000000,0.000000,0.000000,0.000000,0.000000,0.000000,0.000000,4128892,0,
1241,0,6,0,1776.229980,-2678.360107,111.666000,1,4,422,"The Dor'Danil Barrow Den",0.000000,0.000000,0.000000,0.000000,0.000000,0.000000,0.000000,4128894,"",0.000000,0.000000,0.000000,0.000000,0.000000,0.000000,0.000000,4128892,0,
1213,0,6,0,6426.759766,-4304.990234,666.742981,1,4,2251,"The Ruins of Kel'Theril",0.000000,0.000000,0.000000,0.000000,0.000000,0.000000,0.000000,4128894,"",0.000000,0.000000,0.000000,0.000000,0.000000,0.000000,0.000000,4128892,0,
1232,0,6,0,3493.889893,-119.600998,0.715488,1,4,413,"The Ruins of Ordil'Aran",0.000000,0.000000,0.000000,0.000000,0.000000,0.000000,0.000000,4128894,"",0.000000,0.000000,0.000000,0.000000,0.000000,0.000000,0.000000,4128892,0,
1111,0,6,0,-6490.609863,-3449.149902,-58.782501,1,4,439,"The Rustmaul Digsite",0.000000,0.000000,0.000000,0.000000,0.000000,0.000000,0.000000,4128894,"",0.000000,0.000000,0.000000,0.000000,0.000000,0.000000,0.000000,4128892,0,
1472,0,6,0,-7066.790039,731.851990,67.269997,1,4,3425,"The Swarming Pillar",0.000000,0.000000,0.000000,0.000000,0.000000,0.000000,0.000000,4128894,"",0.000000,0.000000,0.000000,0.000000,0.000000,0.000000,0.000000,4128876,0,
1231,0,6,0,2416.889893,1792.390015,394.938995,1,4,467,"The Talon Den",0.000000,0.000000,0.000000,0.000000,0.000000,0.000000,0.000000,4128894,"",0.000000,0.000000,0.000000,0.000000,0.000000,0.000000,0.000000,4128892,0,
1230,0,6,0,1531.939941,-576.570007,68.961197,1,4,461,"The Talondeep Path",0.000000,0.000000,0.000000,0.000000,0.000000,0.000000,0.000000,4128894,"",0.000000,0.000000,0.000000,0.000000,0.000000,0.000000,0.000000,4128892,0,
1245,0,6,0,1930.260010,-732.677002,114.533997,1,4,421,"The Talondeep Path",0.000000,0.000000,0.000000,0.000000,0.000000,0.000000,0.000000,4128894,"",0.000000,0.000000,0.000000,0.000000,0.000000,0.000000,0.000000,4128892,0,
1113,0,6,0,-5213.850098,-2794.530029,-7.091920,1,4,481,"The Weathered Nook",0.000000,0.000000,0.000000,0.000000,0.000000,0.000000,0.000000,4128894,"",0.000000,0.000000,0.000000,0.000000,0.000000,0.000000,0.000000,4128892,0,
791,3,4,0,-3680.169922,-4388.509766,10.554900,1,13,-1,"Theramore Isle",0.000000,0.000000,0.000000,0.000000,0.000000,0.000000,0.000000,4128894,"",0.000000,0.000000,0.000000,0.000000,0.000000,0.000000,0.000000,4128892,0,
29,3,5,83,-1205.410034,29.421400,126.347000,1,29,-1,"Thunder Bluff",0.000000,0.000000,0.000000,0.000000,0.000000,0.000000,0.000000,8323198,"",0.000000,0.000000,0.000000,0.000000,0.000000,0.000000,0.000000,4128892,0,
1092,0,6,0,-4300.979980,-4062.709961,-10.594600,1,4,511,"Tidefury Cove",0.000000,0.000000,0.000000,0.000000,0.000000,0.000000,0.000000,4128894,"",0.000000,0.000000,0.000000,0.000000,0.000000,0.000000,0.000000,4128892,0,
1212,0,6,0,6900.629883,-2298.179932,588.520996,1,4,2246,"Timbermaw Hold",0.000000,0.000000,0.000000,0.000000,0.000000,0.000000,0.000000,4128894,"",0.000000,0.000000,0.000000,0.000000,0.000000,0.000000,0.000000,4128892,0,
1218,0,6,0,6817.779785,-2097.679932,624.836975,1,4,1762,"Timbermaw Hold",0.000000,0.000000,0.000000,0.000000,0.000000,0.000000,0.000000,4128894,"",0.000000,0.000000,0.000000,0.000000,0.000000,0.000000,0.000000,4128892,0,
929,0,6,0,726.296997,-4242.410156,17.291500,1,4,369,"Tor'kren Farm",0.000000,0.000000,0.000000,0.000000,0.000000,0.000000,0.000000,4128894,"",0.000000,0.000000,0.000000,0.000000,0.000000,0.000000,0.000000,4128892,0,
1687,0,6,0,-6996.149902,1195.010010,11.494800,1,4,2739,"Twilight Base Camp",0.000000,0.000000,0.000000,0.000000,0.000000,0.000000,0.000000,4128894,"",0.000000,0.000000,0.000000,0.000000,0.000000,0.000000,0.000000,4128876,0,
1173,0,6,0,-7929.109863,1833.280029,4.864710,1,4,2743,"Twilight Outpost",0.000000,0.000000,0.000000,0.000000,0.000000,0.000000,0.000000,4128894,"",0.000000,0.000000,0.000000,0.000000,0.000000,0.000000,0.000000,4128892,0,
1172,0,6,0,-6740.040039,1636.319946,15.283800,1,4,3098,"Twilight Post",0.000000,0.000000,0.000000,0.000000,0.000000,0.000000,0.000000,4128894,"",0.000000,0.000000,0.000000,0.000000,0.000000,0.000000,0.000000,4128892,0,
1689,0,6,0,-6310.140137,136.591003,15.459500,1,4,3426,"Twilight's Run",0.000000,0.000000,0.000000,0.000000,0.000000,0.000000,0.000000,4128894,"",0.000000,0.000000,0.000000,0.000000,0.000000,0.000000,0.000000,4128876,0,
1107,0,6,0,-9635.410156,-2787.199951,7.857830,1,4,990,"Uldum",0.000000,0.000000,0.000000,0.000000,0.000000,0.000000,0.000000,4128894,"",0.000000,0.000000,0.000000,0.000000,0.000000,0.000000,0.000000,4128892,0,
1696,3,41,0,6519.569824,-4117.100098,661.536011,1,152,-1,"Under Attack",0.000000,0.000000,0.000000,0.000000,0.000000,0.000000,0.000000,4128894,"Winterspring",0.000000,0.000000,0.000000,0.000000,0.000000,0.000000,0.000000,4128894,2259,
1697,3,41,0,3366.790039,-6226.810059,-15.319200,1,152,-1,"Under Attack",0.000000,0.000000,0.000000,0.000000,0.000000,0.000000,0.000000,4128894,"Azshara",0.000000,0.000000,0.000000,0.000000,0.000000,0.000000,0.000000,4128894,2260,
1700,3,41,0,-8277.120117,-3484.090088,17.729000,1,152,-1,"Under Attack",0.000000,0.000000,0.000000,0.000000,0.000000,0.000000,0.000000,4128894,"Tanaris Desert",0.000000,0.000000,0.000000,0.000000,0.000000,0.000000,0.000000,4128894,2263,
1151,0,6,0,-2251.189941,1513.550049,63.588100,1,4,602,"Valley of Bones",0.000000,0.000000,0.000000,0.000000,0.000000,0.000000,0.000000,4128894,"",0.000000,0.000000,0.000000,0.000000,0.000000,0.000000,0.000000,4128892,0,
1567,0,6,0,-6404.330078,-292.647003,1.045410,1,4,2738,"Valor's Rest",0.000000,0.000000,0.000000,0.000000,0.000000,0.000000,0.000000,4128894,"",0.000000,0.000000,0.000000,0.000000,0.000000,0.000000,0.000000,4128876,0,
1047,0,6,0,-1501.489990,-1036.189941,151.716003,1,4,820,"Venture Co. Mine",0.000000,0.000000,0.000000,0.000000,0.000000,0.000000,0.000000,4128894,"",0.000000,0.000000,0.000000,0.000000,0.000000,0.000000,0.000000,4128892,0,
1068,0,6,0,-837.968018,-2037.000000,80.467903,1,4,387,"Wailing Caverns",0.000000,0.000000,0.000000,0.000000,0.000000,0.000000,0.000000,4128894,"",0.000000,0.000000,0.000000,0.000000,0.000000,0.000000,0.000000,4128892,0,
1268,0,6,0,1575.910034,-2463.939941,98.550102,1,4,422,"Warsong Labor Camp",0.000000,0.000000,0.000000,0.000000,0.000000,0.000000,0.000000,4128894,"",0.000000,0.000000,0.000000,0.000000,0.000000,0.000000,0.000000,4128892,0,
1106,0,6,0,-7693.450195,-4878.959961,0.658057,1,4,1336,"Wavestrider Beach",0.000000,0.000000,0.000000,0.000000,0.000000,0.000000,0.000000,4128894,"",0.000000,0.000000,0.000000,0.000000,0.000000,0.000000,0.000000,4128892,0,
1115,0,6,0,-5799.939941,-3899.530029,-96.742996,1,4,439,"Weazel's Crater",0.000000,0.000000,0.000000,0.000000,0.000000,0.000000,0.000000,4128894,"",0.000000,0.000000,0.000000,0.000000,0.000000,0.000000,0.000000,4128892,0,
767,0,6,0,-4917.350098,-1375.500000,-52.373199,1,4,480,"Whitereach Post",0.000000,0.000000,0.000000,0.000000,0.000000,0.000000,0.000000,4128894,"",0.000000,0.000000,0.000000,0.000000,0.000000,0.000000,0.000000,4128892,0,
1049,0,6,0,5056.040039,220.755005,22.907400,1,4,448,"Wildbend River",0.000000,0.000000,0.000000,0.000000,0.000000,0.000000,0.000000,4128894,"",0.000000,0.000000,0.000000,0.000000,0.000000,0.000000,0.000000,4128892,0,
1229,0,6,0,981.948975,-358.899994,15.231600,1,4,461,"Windshear Mine",0.000000,0.000000,0.000000,0.000000,0.000000,0.000000,0.000000,4128894,"",0.000000,0.000000,0.000000,0.000000,0.000000,0.000000,0.000000,4128892,0,
1475,0,6,0,-4835.200195,863.047974,137.048004,1,4,1101,"Woodpaw Den",0.000000,0.000000,0.000000,0.000000,0.000000,0.000000,0.000000,4128894,"",0.000000,0.000000,0.000000,0.000000,0.000000,0.000000,0.000000,4128876,0,
1174,0,6,0,-4915.810059,199.274994,52.295502,1,4,1101,"Woodpaw Hills",0.000000,0.000000,0.000000,0.000000,0.000000,0.000000,0.000000,4128894,"",0.000000,0.000000,0.000000,0.000000,0.000000,0.000000,0.000000,4128892,0,
1237,0,6,0,2936.560059,-2822.669922,212.731003,1,4,430,"Xavian",0.000000,0.000000,0.000000,0.000000,0.000000,0.000000,0.000000,4128894,"",0.000000,0.000000,0.000000,0.000000,0.000000,0.000000,0.000000,4128892,0,
1234,0,6,0,3362.219971,1010.159973,3.598130,1,4,414,"Zoram'gar Outpost",0.000000,0.000000,0.000000,0.000000,0.000000,0.000000,0.000000,4128894,"",0.000000,0.000000,0.000000,0.000000,0.000000,0.000000,0.000000,4128892,0,
1102,0,1,0,-946.911987,-195.453995,76.959702,30,132,0,"Coldtooth Mine",0.000000,0.000000,0.000000,0.000000,0.000000,0.000000,0.000000,4128894,"Horde Controlled",0.000000,0.000000,0.000000,0.000000,0.000000,0.000000,0.000000,4128894,1356,
1358,0,2,0,-948.309021,-193.285995,99.488297,30,132,0,"Coldtooth Mine",0.000000,0.000000,0.000000,0.000000,0.000000,0.000000,0.000000,4128894,"Alliance Controlled",0.000000,0.000000,0.000000,0.000000,0.000000,0.000000,0.000000,4128894,1355,
1359,0,0,0,-948.541992,-193.078995,99.575203,30,132,0,"Coldtooth Mine",0.000000,0.000000,0.000000,0.000000,0.000000,0.000000,0.000000,4128894,"Kobold Controlled",0.000000,0.000000,0.000000,0.000000,0.000000,0.000000,0.000000,4128894,1357,
1328,0,6,0,693.094971,-19.197001,51.120201,30,4,0,"Dun Baldar",0.000000,0.000000,0.000000,0.000000,0.000000,0.000000,0.000000,4128894,"",0.000000,0.000000,0.000000,0.000000,0.000000,0.000000,0.000000,4128892,0,
1250,0,10,0,668.039978,-128.175995,49.648201,30,132,0,"Dun Baldar North Bunker",0.000000,0.000000,0.000000,0.000000,0.000000,0.000000,0.000000,4128894,"Alliance Controlled",0.000000,0.000000,0.000000,0.000000,0.000000,0.000000,0.000000,4128894,1362,
1352,0,5,0,678.075989,-137.378006,76.075699,30,132,-1,"Dun Baldar North Bunker",0.000000,0.000000,0.000000,0.000000,0.000000,0.000000,0.000000,4128894,"Destroyed",0.000000,0.000000,0.000000,0.000000,0.000000,0.000000,0.000000,4128894,1371,
1353,0,8,0,678.437012,-137.095001,76.067101,30,132,0,"Dun Baldar North Bunker",0.000000,0.000000,0.000000,0.000000,0.000000,0.000000,0.000000,4128894,"In Conflict",0.000000,0.000000,0.000000,0.000000,0.000000,0.000000,0.000000,4128894,1375,
1354,0,11,0,678.370972,-137.139999,76.068001,30,132,0,"Dun Baldar North Bunker",0.000000,0.000000,0.000000,0.000000,0.000000,0.000000,0.000000,4128894,"In Conflict",0.000000,0.000000,0.000000,0.000000,0.000000,0.000000,0.000000,4128894,1379,
1249,0,10,0,571.534973,-80.542999,37.911301,30,132,0,"Dun Baldar South Bunker",0.000000,0.000000,0.000000,0.000000,0.000000,0.000000,0.000000,4128894,"Alliance Controlled",0.000000,0.000000,0.000000,0.000000,0.000000,0.000000,0.000000,4128894,1361,
1355,0,5,0,557.857971,-88.139397,63.754700,30,132,-1,"Dun Baldar South Bunker",0.000000,0.000000,0.000000,0.000000,0.000000,0.000000,0.000000,4128894,"Destroyed",0.000000,0.000000,0.000000,0.000000,0.000000,0.000000,0.000000,4128894,1370,
1356,0,8,0,557.848999,-88.282700,63.710999,30,132,0,"Dun Baldar South Bunker",0.000000,0.000000,0.000000,0.000000,0.000000,0.000000,0.000000,4128894,"In Conflict",0.000000,0.000000,0.000000,0.000000,0.000000,0.000000,0.000000,4128894,1374,
1357,0,11,0,557.752014,-88.243202,63.755402,30,132,0,"Dun Baldar South Bunker",0.000000,0.000000,0.000000,0.000000,0.000000,0.000000,0.000000,4128894,"In Conflict",0.000000,0.000000,0.000000,0.000000,0.000000,0.000000,0.000000,4128894,1378,
1255,0,9,0,-1302.650024,-305.885986,91.098701,30,132,-1,"East Frostwolf Tower",0.000000,0.000000,0.000000,0.000000,0.000000,0.000000,0.000000,4128894,"Horde Controlled",0.000000,0.000000,0.000000,0.000000,0.000000,0.000000,0.000000,4128894,1383,
1362,0,5,0,-1301.219971,-306.563995,127.978996,30,132,-1,"East Frostwolf Tower",0.000000,0.000000,0.000000,0.000000,0.000000,0.000000,0.000000,4128894,"Destoyed",0.000000,0.000000,0.000000,0.000000,0.000000,0.000000,0.000000,4128894,1366,
1363,0,8,0,-1301.400024,-307.196014,127.904999,30,132,-1,"East Frostwolf Tower",0.000000,0.000000,0.000000,0.000000,0.000000,0.000000,0.000000,4128894,"In Conflict",0.000000,0.000000,0.000000,0.000000,0.000000,0.000000,0.000000,4128894,1388,
1364,0,11,0,-1301.469971,-307.240997,127.893997,30,132,-1,"East Frostwolf Tower",0.000000,0.000000,0.000000,0.000000,0.000000,0.000000,0.000000,4128894,"In Conflict",0.000000,0.000000,0.000000,0.000000,0.000000,0.000000,0.000000,4128894,1393,
1210,0,12,0,-1083.310059,-307.402008,57.792000,30,132,0,"Frostwolf Graveyard",0.000000,0.000000,0.000000,0.000000,0.000000,0.000000,0.000000,4128894,"Horde Controlled",0.000000,0.000000,0.000000,0.000000,0.000000,0.000000,0.000000,4128894,1338,
1368,0,14,0,-1083.540039,-307.433014,57.779598,30,132,0,"Frostwolf Graveyard",0.000000,0.000000,0.000000,0.000000,0.000000,0.000000,0.000000,4128894,"Alliance Controlled",0.000000,0.000000,0.000000,0.000000,0.000000,0.000000,0.000000,4128894,1337,
1369,0,3,0,-1083.489990,-307.617004,57.793400,30,132,-1,"Frostwolf Graveyard",0.000000,0.000000,0.000000,0.000000,0.000000,0.000000,0.000000,4128894,"In Conflict",0.000000,0.000000,0.000000,0.000000,0.000000,0.000000,0.000000,4128894,1339,
1370,0,13,0,-1083.670044,-307.436005,57.769699,30,132,0,"Frostwolf Graveyard",0.000000,0.000000,0.000000,0.000000,0.000000,0.000000,0.000000,4128894,"In Conflict",0.000000,0.000000,0.000000,0.000000,0.000000,0.000000,0.000000,4128894,1340,
1103,0,6,0,-1369.010010,-225.369995,98.783600,30,4,0,"Frostwolf Keep",0.000000,0.000000,0.000000,0.000000,0.000000,0.000000,0.000000,4128894,"",0.000000,0.000000,0.000000,0.000000,0.000000,0.000000,0.000000,4128892,0,
1351,0,12,0,-1415.050049,-305.985992,93.226601,30,132,0,"Frostwolf Relief Hut",0.000000,0.000000,0.000000,0.000000,0.000000,0.000000,0.000000,4128894,"Horde Controlled",0.000000,0.000000,0.000000,0.000000,0.000000,0.000000,0.000000,4128894,1330,
1371,0,14,0,-1414.930054,-305.601990,93.188499,30,132,0,"Frostwolf Relief Hut",0.000000,0.000000,0.000000,0.000000,0.000000,0.000000,0.000000,4128894,"Alliance Controlled",0.000000,0.000000,0.000000,0.000000,0.000000,0.000000,0.000000,4128894,1329,
1372,0,13,0,-1414.790039,-306.018005,93.246803,30,132,0,"Frostwolf Relief Hut",0.000000,0.000000,0.000000,0.000000,0.000000,0.000000,0.000000,4128894,"In Conflict",0.000000,0.000000,0.000000,0.000000,0.000000,0.000000,0.000000,4128894,1332,
1373,0,3,0,-1414.890015,-306.056000,93.245300,30,132,0,"Frostwolf Relief Hut",0.000000,0.000000,0.000000,0.000000,0.000000,0.000000,0.000000,4128894,"In Conflict",0.000000,0.000000,0.000000,0.000000,0.000000,0.000000,0.000000,4128894,1331,
1101,0,6,0,-537.807007,-168.363007,57.705299,30,4,0,"Iceblood Garrison",0.000000,0.000000,0.000000,0.000000,0.000000,0.000000,0.000000,4128894,"",0.000000,0.000000,0.000000,0.000000,0.000000,0.000000,0.000000,4128892,0,
1349,0,12,0,-531.315979,-405.584015,30.749399,30,132,0,"Iceblood Graveyard",0.000000,0.000000,0.000000,0.000000,0.000000,0.000000,0.000000,4128894,"Horde Controlled",0.000000,0.000000,0.000000,0.000000,0.000000,0.000000,0.000000,4128894,1347,
1374,0,14,0,-531.343994,-405.273010,30.764700,30,132,0,"Iceblood Graveyard",0.000000,0.000000,0.000000,0.000000,0.000000,0.000000,0.000000,4128894,"Alliance Controlled",0.000000,0.000000,0.000000,0.000000,0.000000,0.000000,0.000000,4128894,1346,
1375,0,3,0,-531.401978,-405.325989,30.761999,30,132,0,"Iceblood Graveyard",0.000000,0.000000,0.000000,0.000000,0.000000,0.000000,0.000000,4128894,"In Conflict",0.000000,0.000000,0.000000,0.000000,0.000000,0.000000,0.000000,4128894,1348,
1376,0,13,0,-531.424988,-405.325989,30.761900,30,132,0,"Iceblood Graveyard",0.000000,0.000000,0.000000,0.000000,0.000000,0.000000,0.000000,4128894,"In Conflict",0.000000,0.000000,0.000000,0.000000,0.000000,0.000000,0.000000,4128894,1349,
1252,0,9,0,-562.171997,-273.553986,52.328499,30,132,-1,"Iceblood Tower",0.000000,0.000000,0.000000,0.000000,0.000000,0.000000,0.000000,4128894,"Horde Controlled",0.000000,0.000000,0.000000,0.000000,0.000000,0.000000,0.000000,4128894,1385,
1377,0,5,0,-560.299988,-271.438995,87.902000,30,132,-1,"Iceblood Tower",0.000000,0.000000,0.000000,0.000000,0.000000,0.000000,0.000000,4128894,"Destroyed",0.000000,0.000000,0.000000,0.000000,0.000000,0.000000,0.000000,4128894,1368,
1378,0,11,0,-560.260986,-271.528015,87.890701,30,132,-1,"Iceblood Tower",0.000000,0.000000,0.000000,0.000000,0.000000,0.000000,0.000000,4128894,"In Conflict",0.000000,0.000000,0.000000,0.000000,0.000000,0.000000,0.000000,4128894,1395,
1379,0,8,0,-560.375977,-271.281006,87.923203,30,132,-1,"Iceblood Tower",0.000000,0.000000,0.000000,0.000000,0.000000,0.000000,0.000000,4128894,"In Conflict",0.000000,0.000000,0.000000,0.000000,0.000000,0.000000,0.000000,4128894,1390,
1251,0,10,0,217.425003,-359.764008,42.382301,30,132,0,"Icewing Bunker",0.000000,0.000000,0.000000,0.000000,0.000000,0.000000,0.000000,4128894,"Alliance Controlled",0.000000,0.000000,0.000000,0.000000,0.000000,0.000000,0.000000,4128894,1363,
1380,0,5,0,209.100998,-367.837006,68.498100,30,132,-1,"Icewing Bunker",0.000000,0.000000,0.000000,0.000000,0.000000,0.000000,0.000000,4128894,"Destroyed",0.000000,0.000000,0.000000,0.000000,0.000000,0.000000,0.000000,4128894,1372,
1381,0,8,0,208.785004,-367.937988,68.596703,30,132,0,"Icewing Bunker",0.000000,0.000000,0.000000,0.000000,0.000000,0.000000,0.000000,4128894,"In Conflict",0.000000,0.000000,0.000000,0.000000,0.000000,0.000000,0.000000,4128894,1376,
1382,0,11,0,209.022995,-368.033997,68.480202,30,132,0,"Icewing Bunker",0.000000,0.000000,0.000000,0.000000,0.000000,0.000000,0.000000,4128894,"In Conflict",0.000000,0.000000,0.000000,0.000000,0.000000,0.000000,0.000000,4128894,1380,
1569,0,6,0,276.056000,61.151699,20.339701,30,4,2959,"Icewing Cavern",0.000000,0.000000,0.000000,0.000000,0.000000,0.000000,0.000000,4128894,"",0.000000,0.000000,0.000000,0.000000,0.000000,0.000000,0.000000,4128876,0,
1099,0,2,0,793.750977,-330.196991,63.026001,30,132,0,"Irondeep Mine",0.000000,0.000000,0.000000,0.000000,0.000000,0.000000,0.000000,4128894,"Alliance Controlled",0.000000,0.000000,0.000000,0.000000,0.000000,0.000000,0.000000,4128894,1358,
1383,0,1,0,801.661011,-330.015015,86.717903,30,132,0,"Irondeep Mine",0.000000,0.000000,0.000000,0.000000,0.000000,0.000000,0.000000,4128894,"Horde Controlled",0.000000,0.000000,0.000000,0.000000,0.000000,0.000000,0.000000,4128894,1359,
1384,0,0,0,801.409973,-330.127991,86.631203,30,132,0,"Irondeep Mine",0.000000,0.000000,0.000000,0.000000,0.000000,0.000000,0.000000,4128894,"Trogg Controlled",0.000000,0.000000,0.000000,0.000000,0.000000,0.000000,0.000000,4128894,1360,
1550,0,3,0,451.372009,-127.120003,7.105040,30,132,-1,"Pre-alliance POI test",0.000000,0.000000,0.000000,0.000000,0.000000,0.000000,0.000000,4128894,"",0.000000,0.000000,0.000000,0.000000,0.000000,0.000000,0.000000,4128876,1665,
1209,0,12,0,-202.695007,-112.569000,78.490402,30,132,0,"Snowfall Graveyard",0.000000,0.000000,0.000000,0.000000,0.000000,0.000000,0.000000,4128894,"Horde Controlled",0.000000,0.000000,0.000000,0.000000,0.000000,0.000000,0.000000,4128894,1342,
1386,0,14,0,-202.962997,-112.574997,78.492104,30,132,0,"Snowfall Graveyard",0.000000,0.000000,0.000000,0.000000,0.000000,0.000000,0.000000,4128894,"Alliance Controlled",0.000000,0.000000,0.000000,0.000000,0.000000,0.000000,0.000000,4128894,1341,
1387,0,13,0,-203.153000,-112.586998,78.493202,30,132,0,"Snowfall Graveyard",0.000000,0.000000,0.000000,0.000000,0.000000,0.000000,0.000000,4128894,"In Conflict",0.000000,0.000000,0.000000,0.000000,0.000000,0.000000,0.000000,4128894,1344,
1388,0,3,0,-203.089996,-112.598000,78.492699,30,132,0,"Snowfall Graveyard",0.000000,0.000000,0.000000,0.000000,0.000000,0.000000,0.000000,4128894,"In Conflict",0.000000,0.000000,0.000000,0.000000,0.000000,0.000000,0.000000,4128894,1343,
1682,0,7,0,-202.932007,-112.716003,78.490097,30,132,-1,"Snowfall Graveyard",0.000000,0.000000,0.000000,0.000000,0.000000,0.000000,0.000000,4128894,"Uncontrolled",0.000000,0.000000,0.000000,0.000000,0.000000,0.000000,0.000000,4128894,1966,
1347,0,10,0,-160.169998,-454.106995,50.423599,30,132,0,"Stonehearth Bunker",0.000000,0.000000,0.000000,0.000000,0.000000,0.000000,0.000000,4128894,"Alliance Controlled",0.000000,0.000000,0.000000,0.000000,0.000000,0.000000,0.000000,4128894,1364,
1389,0,5,0,-160.264008,-454.197998,50.422298,30,132,-1,"Stonehearth Bunker",0.000000,0.000000,0.000000,0.000000,0.000000,0.000000,0.000000,4128894,"Destroyed",0.000000,0.000000,0.000000,0.000000,0.000000,0.000000,0.000000,4128894,1373,
1390,0,8,0,-160.169006,-454.075989,50.423901,30,132,0,"Stonehearth Bunker",0.000000,0.000000,0.000000,0.000000,0.000000,0.000000,0.000000,4128894,"In Conflict",0.000000,0.000000,0.000000,0.000000,0.000000,0.000000,0.000000,4128894,1377,
1391,0,11,0,-160.403000,-454.183014,50.421600,30,132,0,"Stonehearth Bunker",0.000000,0.000000,0.000000,0.000000,0.000000,0.000000,0.000000,4128894,"In Conflict",0.000000,0.000000,0.000000,0.000000,0.000000,0.000000,0.000000,4128894,1381,
1350,0,14,0,65.982498,-415.572998,49.327801,30,132,0,"Stonehearth Graveyard",0.000000,0.000000,0.000000,0.000000,0.000000,0.000000,0.000000,4128894,"Alliance Controlled",0.000000,0.000000,0.000000,0.000000,0.000000,0.000000,0.000000,4128894,1302,
1392,0,12,0,65.914902,-415.562012,49.333401,30,132,0,"Stonehearth Graveyard",0.000000,0.000000,0.000000,0.000000,0.000000,0.000000,0.000000,4128894,"Horde Controlled",0.000000,0.000000,0.000000,0.000000,0.000000,0.000000,0.000000,4128894,1301,
1393,0,3,0,65.890701,-415.550995,49.334499,30,132,0,"Stonehearth Graveyard",0.000000,0.000000,0.000000,0.000000,0.000000,0.000000,0.000000,4128894,"In Conflict",0.000000,0.000000,0.000000,0.000000,0.000000,0.000000,0.000000,4128894,1304,
1394,0,13,0,65.888901,-415.615997,49.343102,30,132,0,"Stonehearth Graveyard",0.000000,0.000000,0.000000,0.000000,0.000000,0.000000,0.000000,4128894,"In Conflict",0.000000,0.000000,0.000000,0.000000,0.000000,0.000000,0.000000,4128894,1303,
1100,0,6,0,1.667640,-292.674988,15.783700,30,4,0,"Stonehearth Outpost",0.000000,0.000000,0.000000,0.000000,0.000000,0.000000,0.000000,4128894,"",0.000000,0.000000,0.000000,0.000000,0.000000,0.000000,0.000000,4128892,0,
1348,0,14,0,640.260986,-18.666100,51.698799,30,132,0,"Stormpike Aid Station",0.000000,0.000000,0.000000,0.000000,0.000000,0.000000,0.000000,4128894,"Alliance Controlled",0.000000,0.000000,0.000000,0.000000,0.000000,0.000000,0.000000,4128894,1325,
1395,0,12,0,641.500977,-17.399700,51.509899,30,132,0,"Stormpike Aid Station",0.000000,0.000000,0.000000,0.000000,0.000000,0.000000,0.000000,4128894,"Horde Controlled",0.000000,0.000000,0.000000,0.000000,0.000000,0.000000,0.000000,4128894,1327,
1396,0,3,0,640.908020,-18.186701,51.802799,30,132,0,"Stormpike Aid Station",0.000000,0.000000,0.000000,0.000000,0.000000,0.000000,0.000000,4128894,"In Conflict",0.000000,0.000000,0.000000,0.000000,0.000000,0.000000,0.000000,4128894,1326,
1397,0,13,0,640.698975,-18.107800,51.722401,30,132,0,"Stormpike Aid Station",0.000000,0.000000,0.000000,0.000000,0.000000,0.000000,0.000000,4128894,"In Conflict",0.000000,0.000000,0.000000,0.000000,0.000000,0.000000,0.000000,4128894,1328,
1208,0,14,0,666.927002,-305.544006,30.290899,30,132,0,"Stormpike Graveyard",0.000000,0.000000,0.000000,0.000000,0.000000,0.000000,0.000000,4128894,"Alliance Controlled",0.000000,0.000000,0.000000,0.000000,0.000000,0.000000,0.000000,4128894,1333,
1398,0,12,0,666.642029,-305.541992,30.290899,30,132,0,"Stormpike Graveyard",0.000000,0.000000,0.000000,0.000000,0.000000,0.000000,0.000000,4128894,"Horde Controlled",0.000000,0.000000,0.000000,0.000000,0.000000,0.000000,0.000000,4128894,1334,
1399,0,3,0,666.698975,-305.532990,30.290899,30,132,0,"Stormpike Graveyard",0.000000,0.000000,0.000000,0.000000,0.000000,0.000000,0.000000,4128894,"In Conflict",0.000000,0.000000,0.000000,0.000000,0.000000,0.000000,0.000000,4128894,1335,
1400,0,13,0,666.570984,-305.432007,30.290899,30,132,0,"Stormpike Graveyard",0.000000,0.000000,0.000000,0.000000,0.000000,0.000000,0.000000,4128894,"In Conflict",0.000000,0.000000,0.000000,0.000000,0.000000,0.000000,0.000000,4128894,1336,
1254,0,9,0,-760.664001,-347.325989,68.035301,30,132,-1,"Tower Point",0.000000,0.000000,0.000000,0.000000,0.000000,0.000000,0.000000,4128894,"Horde Controlled",0.000000,0.000000,0.000000,0.000000,0.000000,0.000000,0.000000,4128894,1384,
1405,0,5,0,-759.185974,-348.190002,104.581001,30,132,-1,"Tower Point",0.000000,0.000000,0.000000,0.000000,0.000000,0.000000,0.000000,4128894,"Destroyed",0.000000,0.000000,0.000000,0.000000,0.000000,0.000000,0.000000,4128894,1367,
1406,0,11,0,-759.140991,-348.119995,104.591003,30,132,-1,"Tower Point",0.000000,0.000000,0.000000,0.000000,0.000000,0.000000,0.000000,4128894,"In Conflict",0.000000,0.000000,0.000000,0.000000,0.000000,0.000000,0.000000,4128894,1394,
1407,0,8,0,-759.265991,-348.044006,104.587997,30,132,-1,"Tower Point",0.000000,0.000000,0.000000,0.000000,0.000000,0.000000,0.000000,4128894,"In Conflict",0.000000,0.000000,0.000000,0.000000,0.000000,0.000000,0.000000,4128894,1389,
1527,0,9,0,-1297.900024,-266.613007,127.778999,30,132,-1,"West Frostwolf Tower",0.000000,0.000000,0.000000,0.000000,0.000000,0.000000,0.000000,4128894,"Horde Controlled",0.000000,0.000000,0.000000,0.000000,0.000000,0.000000,0.000000,4128894,1382,
1528,0,5,0,-1297.920044,-266.628998,127.781998,30,132,-1,"West Frostwolf Tower",0.000000,0.000000,0.000000,0.000000,0.000000,0.000000,0.000000,4128894,"Destroyed",0.000000,0.000000,0.000000,0.000000,0.000000,0.000000,0.000000,4128894,1365,
1529,0,11,0,-1298.020020,-266.507996,127.772003,30,132,-1,"West Frostwolf Tower",0.000000,0.000000,0.000000,0.000000,0.000000,0.000000,0.000000,4128894,"In Conflict",0.000000,0.000000,0.000000,0.000000,0.000000,0.000000,0.000000,4128894,1392,
1530,0,8,0,-1298.089966,-266.701996,127.797997,30,132,-1,"West Frostwolf Tower",0.000000,0.000000,0.000000,0.000000,0.000000,0.000000,0.000000,4128894,"In Conflict",0.000000,0.000000,0.000000,0.000000,0.000000,0.000000,0.000000,4128894,1387,
1568,0,6,0,-1436.099976,-455.651001,70.516800,30,4,2978,"Wildpaw Cavern",0.000000,0.000000,0.000000,0.000000,0.000000,0.000000,0.000000,4128894,"",0.000000,0.000000,0.000000,0.000000,0.000000,0.000000,0.000000,4128876,0,
20,0,0,0,-448.981995,-1028.219971,431.971008,37,1,0,"Alliance",0.000000,0.000000,0.000000,0.000000,0.000000,0.000000,0.000000,8323198,"",0.000000,0.000000,0.000000,0.000000,0.000000,0.000000,0.000000,4128892,0,
21,0,0,0,-669.133972,-483.289001,387.273010,37,1,0,"Horde",0.000000,0.000000,0.000000,0.000000,0.000000,0.000000,0.000000,8323198,"",0.000000,0.000000,0.000000,0.000000,0.000000,0.000000,0.000000,4128892,0,
1614,0,26,0,988.932983,1012.570007,-32.064499,529,132,-1,"Blacksmith",0.000000,0.000000,0.000000,0.000000,0.000000,0.000000,0.000000,4128894,"Uncontrolled",0.000000,0.000000,0.000000,0.000000,0.000000,0.000000,0.000000,4128894,1846,
1615,0,28,0,988.697021,1012.580017,-31.989500,529,132,-1,"Blacksmith",0.000000,0.000000,0.000000,0.000000,0.000000,0.000000,0.000000,4128894,"Alliance Controlled",0.000000,0.000000,0.000000,0.000000,0.000000,0.000000,0.000000,4128894,1782,
1616,0,30,0,988.937012,1012.340027,-31.961300,529,132,-1,"Blacksmith",0.000000,0.000000,0.000000,0.000000,0.000000,0.000000,0.000000,4128894,"Horde Controlled",0.000000,0.000000,0.000000,0.000000,0.000000,0.000000,0.000000,4128894,1783,
1617,0,27,0,988.940002,1012.109985,-31.858299,529,132,-1,"Blacksmith",0.000000,0.000000,0.000000,0.000000,0.000000,0.000000,0.000000,4128894,"In Conflict",0.000000,0.000000,0.000000,0.000000,0.000000,0.000000,0.000000,4128894,1784,
1618,0,29,0,988.692993,1012.809998,-32.092701,529,132,-1,"Blacksmith",0.000000,0.000000,0.000000,0.000000,0.000000,0.000000,0.000000,4128894,"In Conflict",0.000000,0.000000,0.000000,0.000000,0.000000,0.000000,0.000000,4128894,1785,
1629,0,31,0,824.262024,826.349976,-56.123199,529,132,-1,"Farm",0.000000,0.000000,0.000000,0.000000,0.000000,0.000000,0.000000,4128894,"Uncontrolled",0.000000,0.000000,0.000000,0.000000,0.000000,0.000000,0.000000,4128894,1845,
1630,0,33,0,824.010986,826.546021,-57.461800,529,132,-1,"Farm",0.000000,0.000000,0.000000,0.000000,0.000000,0.000000,0.000000,4128894,"Alliance Controlled",0.000000,0.000000,0.000000,0.000000,0.000000,0.000000,0.000000,4128894,1772,
1631,0,35,0,823.875000,826.557007,-57.723400,529,132,-1,"Farm",0.000000,0.000000,0.000000,0.000000,0.000000,0.000000,0.000000,4128894,"Horde Controlled",0.000000,0.000000,0.000000,0.000000,0.000000,0.000000,0.000000,4128894,1773,
1632,0,32,0,824.015015,826.695984,-57.708801,529,132,-1,"Farm",0.000000,0.000000,0.000000,0.000000,0.000000,0.000000,0.000000,4128894,"In Conflict",0.000000,0.000000,0.000000,0.000000,0.000000,0.000000,0.000000,4128894,1774,
1633,0,34,0,823.875000,826.418030,-57.736198,529,132,-1,"Farm",0.000000,0.000000,0.000000,0.000000,0.000000,0.000000,0.000000,4128894,"In Conflict",0.000000,0.000000,0.000000,0.000000,0.000000,0.000000,0.000000,4128894,1775,
1624,0,16,0,1178.219971,822.508972,-87.892799,529,132,-1,"Gold Mine",0.000000,0.000000,0.000000,0.000000,0.000000,0.000000,0.000000,4128894,"Uncontrolled",0.000000,0.000000,0.000000,0.000000,0.000000,0.000000,0.000000,4128894,1843,
1625,0,18,0,1177.989990,822.882996,-87.936699,529,132,-1,"Gold Mine",0.000000,0.000000,0.000000,0.000000,0.000000,0.000000,0.000000,4128894,"Alliance Controlled",0.000000,0.000000,0.000000,0.000000,0.000000,0.000000,0.000000,4128894,1787,
1626,0,20,0,1178.349976,822.880005,-88.243500,529,132,-1,"Gold Mine",0.000000,0.000000,0.000000,0.000000,0.000000,0.000000,0.000000,4128894,"Horde Controlled",0.000000,0.000000,0.000000,0.000000,0.000000,0.000000,0.000000,4128894,1788,
1627,0,17,0,1178.069946,822.846985,-87.983299,529,132,-1,"Gold Mine",0.000000,0.000000,0.000000,0.000000,0.000000,0.000000,0.000000,4128894,"In Conflict",0.000000,0.000000,0.000000,0.000000,0.000000,0.000000,0.000000,4128894,1789,
1628,0,19,0,1178.150024,822.624023,-87.903503,529,132,-1,"Gold Mine",0.000000,0.000000,0.000000,0.000000,0.000000,0.000000,0.000000,4128894,"In Conflict",0.000000,0.000000,0.000000,0.000000,0.000000,0.000000,0.000000,4128894,1790,
1619,0,21,0,813.067017,1182.089966,32.925900,529,132,-1,"Lumber Mill",0.000000,0.000000,0.000000,0.000000,0.000000,0.000000,0.000000,4128894,"Uncontrolled",0.000000,0.000000,0.000000,0.000000,0.000000,0.000000,0.000000,4128894,1844,
1620,0,23,0,813.072998,1182.069946,32.925301,529,132,-1,"Lumber Mill",0.000000,0.000000,0.000000,0.000000,0.000000,0.000000,0.000000,4128894,"Alliance Controlled",0.000000,0.000000,0.000000,0.000000,0.000000,0.000000,0.000000,4128894,1792,
1621,0,25,0,812.747009,1182.130005,32.935101,529,132,-1,"Lumber Mill",0.000000,0.000000,0.000000,0.000000,0.000000,0.000000,0.000000,4128894,"Horde Controlled",0.000000,0.000000,0.000000,0.000000,0.000000,0.000000,0.000000,4128894,1793,
1622,0,22,0,812.705017,1182.260010,32.939201,529,132,-1,"Lumber Mill",0.000000,0.000000,0.000000,0.000000,0.000000,0.000000,0.000000,4128894,"In Conflict",0.000000,0.000000,0.000000,0.000000,0.000000,0.000000,0.000000,4128894,1794,
1623,0,24,0,812.715027,1182.260010,32.938999,529,132,-1,"Lumber Mill",0.000000,0.000000,0.000000,0.000000,0.000000,0.000000,0.000000,4128894,"In Conflict",0.000000,0.000000,0.000000,0.000000,0.000000,0.000000,0.000000,4128894,1795,
1609,0,36,0,1180.920044,1185.770020,-45.565899,529,132,-1,"Stables",0.000000,0.000000,0.000000,0.000000,0.000000,0.000000,0.000000,4128894,"Uncontrolled",0.000000,0.000000,0.000000,0.000000,0.000000,0.000000,0.000000,4128894,1842,
1610,0,38,0,1181.560059,1185.579956,-45.491501,529,132,-1,"Stables",0.000000,0.000000,0.000000,0.000000,0.000000,0.000000,0.000000,4128894,"Alliance Controlled",0.000000,0.000000,0.000000,0.000000,0.000000,0.000000,0.000000,4128894,1767,
1611,0,40,0,1181.560059,1185.739990,-45.503601,529,132,-1,"Stables",0.000000,0.000000,0.000000,0.000000,0.000000,0.000000,0.000000,4128894,"Horde Controlled",0.000000,0.000000,0.000000,0.000000,0.000000,0.000000,0.000000,4128894,1768,
1612,0,37,0,1181.510010,1185.650024,-45.501598,529,132,-1,"Stables",0.000000,0.000000,0.000000,0.000000,0.000000,0.000000,0.000000,4128894,"In Conflict",0.000000,0.000000,0.000000,0.000000,0.000000,0.000000,0.000000,4128894,1769,
1613,0,39,0,1181.540039,1185.599976,-45.495800,529,132,-1,"Stables",0.000000,0.000000,0.000000,0.000000,0.000000,0.000000,0.000000,4128894,"In Conflict",0.000000,0.000000,0.000000,0.000000,0.000000,0.000000,0.000000,4128894,1770,
