1,"%s agrees with %s.",0.000000,0.000000,0.000000,0.000000,0.000000,0.000000,0.000000,8323198,
2,"%s agrees with you.",0.000000,0.000000,0.000000,0.000000,0.000000,0.000000,0.000000,8323198,
3,"You agree with %s.",0.000000,0.000000,0.000000,0.000000,0.000000,0.000000,0.000000,8323198,
4,"%s agrees.",0.000000,0.000000,0.000000,0.000000,0.000000,0.000000,0.000000,8323198,
5,"You agree.",0.000000,0.000000,0.000000,0.000000,0.000000,0.000000,0.000000,8323198,
6,"%s is amazed by %s!",0.000000,0.000000,0.000000,0.000000,0.000000,0.000000,0.000000,8323198,
7,"%s is amazed by you!",0.000000,0.000000,0.000000,0.000000,0.000000,0.000000,0.000000,8323198,
8,"You are amazed by %s!",0.000000,0.000000,0.000000,0.000000,0.000000,0.000000,0.000000,8323198,
9,"%s is amazed!",0.000000,0.000000,0.000000,0.000000,0.000000,0.000000,0.000000,8323198,
10,"You are amazed!",0.000000,0.000000,0.000000,0.000000,0.000000,0.000000,0.000000,8323198,
11,"%s raises his fist in anger at %s.",0.000000,0.000000,0.000000,0.000000,0.000000,0.000000,0.000000,8323198,
12,"%s raises his fist in anger at you.",0.000000,0.000000,0.000000,0.000000,0.000000,0.000000,0.000000,8323198,
13,"You raise your fist in anger at %s.",0.000000,0.000000,0.000000,0.000000,0.000000,0.000000,0.000000,8323198,
14,"%s raises his fist in anger.",0.000000,0.000000,0.000000,0.000000,0.000000,0.000000,0.000000,8323198,
15,"You raise your fist in anger.",0.000000,0.000000,0.000000,0.000000,0.000000,0.000000,0.000000,8323198,
16,"%s raises her fist in anger at %s.",0.000000,0.000000,0.000000,0.000000,0.000000,0.000000,0.000000,8323198,
17,"%s raises her fist in anger at you.",0.000000,0.000000,0.000000,0.000000,0.000000,0.000000,0.000000,8323198,
18,"%s raises her fist in anger.",0.000000,0.000000,0.000000,0.000000,0.000000,0.000000,0.000000,8323198,
19,"%s apologizes to %s.  Sorry!",0.000000,0.000000,0.000000,0.000000,0.000000,0.000000,0.000000,8323198,
20,"%s apologizes to you.  Sorry!",0.000000,0.000000,0.000000,0.000000,0.000000,0.000000,0.000000,8323198,
21,"You apologize to %s.  Sorry!",0.000000,0.000000,0.000000,0.000000,0.000000,0.000000,0.000000,8323198,
22,"%s apologizes to everyone.  Sorry!",0.000000,0.000000,0.000000,0.000000,0.000000,0.000000,0.000000,8323198,
23,"You apologize to everyone.  Sorry!",0.000000,0.000000,0.000000,0.000000,0.000000,0.000000,0.000000,8323198,
24,"%s applauds at %s.  Bravo!",0.000000,0.000000,0.000000,0.000000,0.000000,0.000000,0.000000,8323198,
25,"%s applauds at you.  Bravo!",0.000000,0.000000,0.000000,0.000000,0.000000,0.000000,0.000000,8323198,
26,"You applaud at %s.  Bravo!",0.000000,0.000000,0.000000,0.000000,0.000000,0.000000,0.000000,8323198,
27,"%s applauds.  Bravo!",0.000000,0.000000,0.000000,0.000000,0.000000,0.000000,0.000000,8323198,
28,"You applaud.  Bravo!",0.000000,0.000000,0.000000,0.000000,0.000000,0.000000,0.000000,8323198,
29,"%s is so bashful...too bashful to get %s's attention.",0.000000,0.000000,0.000000,0.000000,0.000000,0.000000,0.000000,8323198,
30,"%s is so bashful...too bashful to get your attention.",0.000000,0.000000,0.000000,0.000000,0.000000,0.000000,0.000000,8323198,
31,"You are so bashful...too bashful to get %s's attention.",0.000000,0.000000,0.000000,0.000000,0.000000,0.000000,0.000000,8323198,
32,"%s is bashful.",0.000000,0.000000,0.000000,0.000000,0.000000,0.000000,0.000000,8323198,
33,"You are bashful.",0.000000,0.000000,0.000000,0.000000,0.000000,0.000000,0.000000,8323198,
34,"%s beckons %s over.",0.000000,0.000000,0.000000,0.000000,0.000000,0.000000,0.000000,8323198,
35,"%s beckons you over.",0.000000,0.000000,0.000000,0.000000,0.000000,0.000000,0.000000,8323198,
36,"You beckon %s over.",0.000000,0.000000,0.000000,0.000000,0.000000,0.000000,0.000000,8323198,
37,"%s beckons everyone over.",0.000000,0.000000,0.000000,0.000000,0.000000,0.000000,0.000000,8323198,
38,"You beckon everyone over to you.",0.000000,0.000000,0.000000,0.000000,0.000000,0.000000,0.000000,8323198,
39,"%s begs %s.  How pathetic.",0.000000,0.000000,0.000000,0.000000,0.000000,0.000000,0.000000,8323198,
40,"%s begs you.  How pathetic.",0.000000,0.000000,0.000000,0.000000,0.000000,0.000000,0.000000,8323198,
41,"You beg %s.  How pathetic.",0.000000,0.000000,0.000000,0.000000,0.000000,0.000000,0.000000,8323198,
42,"%s begs everyone around him.  How pathetic.",0.000000,0.000000,0.000000,0.000000,0.000000,0.000000,0.000000,8323198,
43,"You beg everyone around you. How pathetic.",0.000000,0.000000,0.000000,0.000000,0.000000,0.000000,0.000000,8323198,
44,"%s begs everyone around her.  How pathetic.",0.000000,0.000000,0.000000,0.000000,0.000000,0.000000,0.000000,8323198,
45,"%s bites %s.  Ouch!",0.000000,0.000000,0.000000,0.000000,0.000000,0.000000,0.000000,8323198,
46,"%s bites you.  Ouch!",0.000000,0.000000,0.000000,0.000000,0.000000,0.000000,0.000000,8323198,
47,"You bite %s.  Ouch!",0.000000,0.000000,0.000000,0.000000,0.000000,0.000000,0.000000,8323198,
48,"%s looks around for someone to bite.",0.000000,0.000000,0.000000,0.000000,0.000000,0.000000,0.000000,8323198,
49,"You look around for someone to bite.",0.000000,0.000000,0.000000,0.000000,0.000000,0.000000,0.000000,8323198,
50,"Blood oozes from %s's wounds.",0.000000,0.000000,0.000000,0.000000,0.000000,0.000000,0.000000,8323198,
51,"Blood oozes from your wounds.",0.000000,0.000000,0.000000,0.000000,0.000000,0.000000,0.000000,8323198,
52,"%s blinks at %s.",0.000000,0.000000,0.000000,0.000000,0.000000,0.000000,0.000000,8323198,
53,"%s blinks at you.",0.000000,0.000000,0.000000,0.000000,0.000000,0.000000,0.000000,8323198,
54,"You blink at %s.",0.000000,0.000000,0.000000,0.000000,0.000000,0.000000,0.000000,8323198,
55,"%s blinks.",0.000000,0.000000,0.000000,0.000000,0.000000,0.000000,0.000000,8323198,
56,"You blink your eyes.",0.000000,0.000000,0.000000,0.000000,0.000000,0.000000,0.000000,8323198,
57,"%s blushes at %s.",0.000000,0.000000,0.000000,0.000000,0.000000,0.000000,0.000000,8323198,
58,"%s blushes at you.",0.000000,0.000000,0.000000,0.000000,0.000000,0.000000,0.000000,8323198,
59,"You blush at %s.",0.000000,0.000000,0.000000,0.000000,0.000000,0.000000,0.000000,8323198,
60,"%s blushes.",0.000000,0.000000,0.000000,0.000000,0.000000,0.000000,0.000000,8323198,
61,"You blush.",0.000000,0.000000,0.000000,0.000000,0.000000,0.000000,0.000000,8323198,
62,"%s bonks %s on the noggin.  Doh!",0.000000,0.000000,0.000000,0.000000,0.000000,0.000000,0.000000,8323198,
63,"%s bonks you on the noggin.  Doh!",0.000000,0.000000,0.000000,0.000000,0.000000,0.000000,0.000000,8323198,
64,"You bonk %s on the noggin.  Doh!",0.000000,0.000000,0.000000,0.000000,0.000000,0.000000,0.000000,8323198,
65,"%s bonks his own noggin.  Doh!",0.000000,0.000000,0.000000,0.000000,0.000000,0.000000,0.000000,8323198,
66,"You bonk yourself on the noggin.  Doh!",0.000000,0.000000,0.000000,0.000000,0.000000,0.000000,0.000000,8323198,
67,"%s bonks her own noggin.  Doh!",0.000000,0.000000,0.000000,0.000000,0.000000,0.000000,0.000000,8323198,
68,"%s is terribly bored with %s.",0.000000,0.000000,0.000000,0.000000,0.000000,0.000000,0.000000,8323198,
69,"%s is terribly bored with you.",0.000000,0.000000,0.000000,0.000000,0.000000,0.000000,0.000000,8323198,
70,"You are terribly bored with %s.",0.000000,0.000000,0.000000,0.000000,0.000000,0.000000,0.000000,8323198,
71,"%s is overcome with boredom.  Oh the drudgery!",0.000000,0.000000,0.000000,0.000000,0.000000,0.000000,0.000000,8323198,
72,"You are overcome with boredom.  Oh the drudgery!",0.000000,0.000000,0.000000,0.000000,0.000000,0.000000,0.000000,8323198,
73,"%s bounces up and down in front of %s.",0.000000,0.000000,0.000000,0.000000,0.000000,0.000000,0.000000,8323198,
74,"%s bounces up and down in front of you.",0.000000,0.000000,0.000000,0.000000,0.000000,0.000000,0.000000,8323198,
75,"You bounce up and down in front of %s.",0.000000,0.000000,0.000000,0.000000,0.000000,0.000000,0.000000,8323198,
76,"%s bounces up and down.",0.000000,0.000000,0.000000,0.000000,0.000000,0.000000,0.000000,8323198,
77,"You bounce up and down.",0.000000,0.000000,0.000000,0.000000,0.000000,0.000000,0.000000,8323198,
78,"%s will be right back.  Sit tight, %s.",0.000000,0.000000,0.000000,0.000000,0.000000,0.000000,0.000000,8323198,
79,"%s will be right back.  Sit tight.",0.000000,0.000000,0.000000,0.000000,0.000000,0.000000,0.000000,8323198,
80,"You let %s know you'll be right back.",0.000000,0.000000,0.000000,0.000000,0.000000,0.000000,0.000000,8323198,
81,"%s will be right back.",0.000000,0.000000,0.000000,0.000000,0.000000,0.000000,0.000000,8323198,
82,"You let everyone know you'll be right back.",0.000000,0.000000,0.000000,0.000000,0.000000,0.000000,0.000000,8323198,
83,"%s bows before %s.",0.000000,0.000000,0.000000,0.000000,0.000000,0.000000,0.000000,8323198,
84,"%s bows before you.",0.000000,0.000000,0.000000,0.000000,0.000000,0.000000,0.000000,8323198,
85,"You bow before %s.",0.000000,0.000000,0.000000,0.000000,0.000000,0.000000,0.000000,8323198,
86,"%s bows down graciously.",0.000000,0.000000,0.000000,0.000000,0.000000,0.000000,0.000000,8323198,
87,"You bow down graciously.",0.000000,0.000000,0.000000,0.000000,0.000000,0.000000,0.000000,8323198,
88,"%s burps rudely in %s's face.",0.000000,0.000000,0.000000,0.000000,0.000000,0.000000,0.000000,8323198,
89,"%s burps rudely in your face.",0.000000,0.000000,0.000000,0.000000,0.000000,0.000000,0.000000,8323198,
90,"You burp rudely in %s's face.",0.000000,0.000000,0.000000,0.000000,0.000000,0.000000,0.000000,8323198,
91,"%s lets out a loud belch.",0.000000,0.000000,0.000000,0.000000,0.000000,0.000000,0.000000,8323198,
92,"You let out a loud belch.",0.000000,0.000000,0.000000,0.000000,0.000000,0.000000,0.000000,8323198,
93,"%s waves goodbye to %s.  Farewell!",0.000000,0.000000,0.000000,0.000000,0.000000,0.000000,0.000000,8323198,
94,"%s waves goodbye to you.  Farewell!",0.000000,0.000000,0.000000,0.000000,0.000000,0.000000,0.000000,8323198,
95,"You wave goodbye to %s.  Farewell!",0.000000,0.000000,0.000000,0.000000,0.000000,0.000000,0.000000,8323198,
96,"%s waves goodbye to everyone.  Farewell!",0.000000,0.000000,0.000000,0.000000,0.000000,0.000000,0.000000,8323198,
97,"You wave goodbye to everyone.  Farewell!",0.000000,0.000000,0.000000,0.000000,0.000000,0.000000,0.000000,8323198,
98,"%s cackles maniacally at %s.",0.000000,0.000000,0.000000,0.000000,0.000000,0.000000,0.000000,8323198,
99,"%s cackles maniacally at you.",0.000000,0.000000,0.000000,0.000000,0.000000,0.000000,0.000000,8323198,
100,"You cackle maniacally at %s.",0.000000,0.000000,0.000000,0.000000,0.000000,0.000000,0.000000,8323198,
101,"%s cackles maniacally at the situation.",0.000000,0.000000,0.000000,0.000000,0.000000,0.000000,0.000000,8323198,
102,"You cackle maniacally at the situation.",0.000000,0.000000,0.000000,0.000000,0.000000,0.000000,0.000000,8323198,
103,"%s cheers at %s!",0.000000,0.000000,0.000000,0.000000,0.000000,0.000000,0.000000,8323198,
104,"%s cheers at you.",0.000000,0.000000,0.000000,0.000000,0.000000,0.000000,0.000000,8323198,
105,"You cheer at %s.",0.000000,0.000000,0.000000,0.000000,0.000000,0.000000,0.000000,8323198,
106,"%s cheers!",0.000000,0.000000,0.000000,0.000000,0.000000,0.000000,0.000000,8323198,
107,"You cheer!",0.000000,0.000000,0.000000,0.000000,0.000000,0.000000,0.000000,8323198,
108,"With arms flapping, %s struts around %s.  Cluck, Cluck, Chicken!",0.000000,0.000000,0.000000,0.000000,0.000000,0.000000,0.000000,8323198,
109,"With arms flapping, %s struts around you.  Cluck, Cluck, Chicken!",0.000000,0.000000,0.000000,0.000000,0.000000,0.000000,0.000000,8323198,
110,"With arms flapping, you strut around %s.  Cluck, Cluck, Chicken!",0.000000,0.000000,0.000000,0.000000,0.000000,0.000000,0.000000,8323198,
111,"With arms flapping, %s struts around.  Cluck, Cluck, Chicken!",0.000000,0.000000,0.000000,0.000000,0.000000,0.000000,0.000000,8323198,
112,"With arms flapping, you strut around.  Cluck, Cluck, Chicken!",0.000000,0.000000,0.000000,0.000000,0.000000,0.000000,0.000000,8323198,
113,"%s chuckles at %s.",0.000000,0.000000,0.000000,0.000000,0.000000,0.000000,0.000000,8323198,
114,"%s chuckles at you.",0.000000,0.000000,0.000000,0.000000,0.000000,0.000000,0.000000,8323198,
115,"You chuckle at %s.",0.000000,0.000000,0.000000,0.000000,0.000000,0.000000,0.000000,8323198,
116,"%s lets out a hearty chuckle.",0.000000,0.000000,0.000000,0.000000,0.000000,0.000000,0.000000,8323198,
117,"You let out a hearty chuckle.",0.000000,0.000000,0.000000,0.000000,0.000000,0.000000,0.000000,8323198,
118,"%s claps excitedly for %s.",0.000000,0.000000,0.000000,0.000000,0.000000,0.000000,0.000000,8323198,
119,"%s claps excitedly for you.",0.000000,0.000000,0.000000,0.000000,0.000000,0.000000,0.000000,8323198,
120,"You clap excitedly for %s.",0.000000,0.000000,0.000000,0.000000,0.000000,0.000000,0.000000,8323198,
121,"%s claps excitedly.",0.000000,0.000000,0.000000,0.000000,0.000000,0.000000,0.000000,8323198,
122,"You clap excitedly.",0.000000,0.000000,0.000000,0.000000,0.000000,0.000000,0.000000,8323198,
123,"%s looks at %s with a confused look.",0.000000,0.000000,0.000000,0.000000,0.000000,0.000000,0.000000,8323198,
124,"%s looks at you with a confused look.",0.000000,0.000000,0.000000,0.000000,0.000000,0.000000,0.000000,8323198,
125,"You look at %s with a confused look.",0.000000,0.000000,0.000000,0.000000,0.000000,0.000000,0.000000,8323198,
126,"%s is hopelessly confused.",0.000000,0.000000,0.000000,0.000000,0.000000,0.000000,0.000000,8323198,
127,"You are hopelessly confused.",0.000000,0.000000,0.000000,0.000000,0.000000,0.000000,0.000000,8323198,
128,"%s congratulates %s.",0.000000,0.000000,0.000000,0.000000,0.000000,0.000000,0.000000,8323198,
129,"%s congratulates you.",0.000000,0.000000,0.000000,0.000000,0.000000,0.000000,0.000000,8323198,
130,"You congratulate %s.",0.000000,0.000000,0.000000,0.000000,0.000000,0.000000,0.000000,8323198,
131,"%s congratulates everyone.",0.000000,0.000000,0.000000,0.000000,0.000000,0.000000,0.000000,8323198,
132,"You congratulate everyone around you.",0.000000,0.000000,0.000000,0.000000,0.000000,0.000000,0.000000,8323198,
133,"%s coughs at %s.",0.000000,0.000000,0.000000,0.000000,0.000000,0.000000,0.000000,8323198,
134,"%s coughs at you.",0.000000,0.000000,0.000000,0.000000,0.000000,0.000000,0.000000,8323198,
135,"You cough at %s.",0.000000,0.000000,0.000000,0.000000,0.000000,0.000000,0.000000,8323198,
136,"%s lets out a hacking cough.",0.000000,0.000000,0.000000,0.000000,0.000000,0.000000,0.000000,8323198,
137,"You let out a hacking cough.",0.000000,0.000000,0.000000,0.000000,0.000000,0.000000,0.000000,8323198,
138,"%s cowers in fear at the sight of %s.",0.000000,0.000000,0.000000,0.000000,0.000000,0.000000,0.000000,8323198,
139,"%s cowers in fear at the sight of you.",0.000000,0.000000,0.000000,0.000000,0.000000,0.000000,0.000000,8323198,
140,"You cower in fear at the sight of %s.",0.000000,0.000000,0.000000,0.000000,0.000000,0.000000,0.000000,8323198,
141,"%s cowers in fear.",0.000000,0.000000,0.000000,0.000000,0.000000,0.000000,0.000000,8323198,
142,"You cower in fear.",0.000000,0.000000,0.000000,0.000000,0.000000,0.000000,0.000000,8323198,
143,"%s cracks his knuckles while staring at %s.",0.000000,0.000000,0.000000,0.000000,0.000000,0.000000,0.000000,8323198,
144,"%s cracks his knuckles while staring at you.",0.000000,0.000000,0.000000,0.000000,0.000000,0.000000,0.000000,8323198,
145,"You crack your knuckles while staring at %s.",0.000000,0.000000,0.000000,0.000000,0.000000,0.000000,0.000000,8323198,
146,"%s cracks his knuckles.",0.000000,0.000000,0.000000,0.000000,0.000000,0.000000,0.000000,8323198,
147,"You crack your knuckles.",0.000000,0.000000,0.000000,0.000000,0.000000,0.000000,0.000000,8323198,
148,"%s cracks her knuckles while staring at %s.",0.000000,0.000000,0.000000,0.000000,0.000000,0.000000,0.000000,8323198,
149,"%s cracks her knuckles while staring at you.",0.000000,0.000000,0.000000,0.000000,0.000000,0.000000,0.000000,8323198,
150,"%s cracks her knuckles.",0.000000,0.000000,0.000000,0.000000,0.000000,0.000000,0.000000,8323198,
151,"%s cringes away from %s.",0.000000,0.000000,0.000000,0.000000,0.000000,0.000000,0.000000,8323198,
152,"%s cringes away from you.",0.000000,0.000000,0.000000,0.000000,0.000000,0.000000,0.000000,8323198,
153,"You cringe away from %s.",0.000000,0.000000,0.000000,0.000000,0.000000,0.000000,0.000000,8323198,
154,"%s cringes in fear.",0.000000,0.000000,0.000000,0.000000,0.000000,0.000000,0.000000,8323198,
155,"You cringe in fear.",0.000000,0.000000,0.000000,0.000000,0.000000,0.000000,0.000000,8323198,
156,"%s cries on %s's shoulder.",0.000000,0.000000,0.000000,0.000000,0.000000,0.000000,0.000000,8323198,
157,"%s cries on your shoulder.",0.000000,0.000000,0.000000,0.000000,0.000000,0.000000,0.000000,8323198,
158,"You cry on %s's shoulder.",0.000000,0.000000,0.000000,0.000000,0.000000,0.000000,0.000000,8323198,
159,"%s cries.",0.000000,0.000000,0.000000,0.000000,0.000000,0.000000,0.000000,8323198,
160,"You cry.",0.000000,0.000000,0.000000,0.000000,0.000000,0.000000,0.000000,8323198,
161,"%s is curious what %s is up to.",0.000000,0.000000,0.000000,0.000000,0.000000,0.000000,0.000000,8323198,
162,"%s is curious what you are up to.",0.000000,0.000000,0.000000,0.000000,0.000000,0.000000,0.000000,8323198,
163,"You are curious what %s is up to.",0.000000,0.000000,0.000000,0.000000,0.000000,0.000000,0.000000,8323198,
164,"%s expresses his curiosity to everyone.",0.000000,0.000000,0.000000,0.000000,0.000000,0.000000,0.000000,8323198,
165,"You express your curiosity to those around you.",0.000000,0.000000,0.000000,0.000000,0.000000,0.000000,0.000000,8323198,
166,"%s expresses her curiosity to everyone.",0.000000,0.000000,0.000000,0.000000,0.000000,0.000000,0.000000,8323198,
167,"%s curtsies before %s.",0.000000,0.000000,0.000000,0.000000,0.000000,0.000000,0.000000,8323198,
168,"%s curtsies before you.",0.000000,0.000000,0.000000,0.000000,0.000000,0.000000,0.000000,8323198,
169,"You curtsey before %s.",0.000000,0.000000,0.000000,0.000000,0.000000,0.000000,0.000000,8323198,
170,"%s curtsies.",0.000000,0.000000,0.000000,0.000000,0.000000,0.000000,0.000000,8323198,
171,"You curtsey.",0.000000,0.000000,0.000000,0.000000,0.000000,0.000000,0.000000,8323198,
172,"%s dances with %s.",0.000000,0.000000,0.000000,0.000000,0.000000,0.000000,0.000000,8323198,
173,"%s dances with you.",0.000000,0.000000,0.000000,0.000000,0.000000,0.000000,0.000000,8323198,
174,"You dance with %s.",0.000000,0.000000,0.000000,0.000000,0.000000,0.000000,0.000000,8323198,
175,"%s bursts into dance.",0.000000,0.000000,0.000000,0.000000,0.000000,0.000000,0.000000,8323198,
176,"You burst into dance.",0.000000,0.000000,0.000000,0.000000,0.000000,0.000000,0.000000,8323198,
177,"%s raises a drink to %s.  Cheers!",0.000000,0.000000,0.000000,0.000000,0.000000,0.000000,0.000000,8323198,
178,"%s raises a drink to you.  Cheers!",0.000000,0.000000,0.000000,0.000000,0.000000,0.000000,0.000000,8323198,
179,"You raise a drink to %s.  Cheers!",0.000000,0.000000,0.000000,0.000000,0.000000,0.000000,0.000000,8323198,
180,"%s raises a drink in the air before chugging it down.  Cheers!",0.000000,0.000000,0.000000,0.000000,0.000000,0.000000,0.000000,8323198,
181,"You raise a drink in the air before chugging it down.  Cheers!",0.000000,0.000000,0.000000,0.000000,0.000000,0.000000,0.000000,8323198,
182,"%s looks at %s and begins to drool.",0.000000,0.000000,0.000000,0.000000,0.000000,0.000000,0.000000,8323198,
183,"%s looks at you and begins to drool.",0.000000,0.000000,0.000000,0.000000,0.000000,0.000000,0.000000,8323198,
184,"You look at %s and begin to drool.",0.000000,0.000000,0.000000,0.000000,0.000000,0.000000,0.000000,8323198,
185,"A tendril of drool runs down %s's lip.",0.000000,0.000000,0.000000,0.000000,0.000000,0.000000,0.000000,8323198,
186,"A tendril of drool runs down your lip.",0.000000,0.000000,0.000000,0.000000,0.000000,0.000000,0.000000,8323198,
187,"%s begins to eat in front of %s.",0.000000,0.000000,0.000000,0.000000,0.000000,0.000000,0.000000,8323198,
188,"%s begins to eat rations in front of you.",0.000000,0.000000,0.000000,0.000000,0.000000,0.000000,0.000000,8323198,
189,"You begin to eat in front of %s.",0.000000,0.000000,0.000000,0.000000,0.000000,0.000000,0.000000,8323198,
190,"%s begins to eat.",0.000000,0.000000,0.000000,0.000000,0.000000,0.000000,0.000000,8323198,
191,"You begin to eat.",0.000000,0.000000,0.000000,0.000000,0.000000,0.000000,0.000000,8323198,
192,"%s eyes %s up and down.",0.000000,0.000000,0.000000,0.000000,0.000000,0.000000,0.000000,8323198,
193,"%s eyes you up and down.",0.000000,0.000000,0.000000,0.000000,0.000000,0.000000,0.000000,8323198,
194,"You eye %s up and down.",0.000000,0.000000,0.000000,0.000000,0.000000,0.000000,0.000000,8323198,
195,"%s looks at you with crossed eyes.",0.000000,0.000000,0.000000,0.000000,0.000000,0.000000,0.000000,8323198,
196,"You cross your eyes.",0.000000,0.000000,0.000000,0.000000,0.000000,0.000000,0.000000,8323198,
197,"%s brushes up against %s and farts loudly.",0.000000,0.000000,0.000000,0.000000,0.000000,0.000000,0.000000,8323198,
198,"%s brushes up against you and farts loudly.",0.000000,0.000000,0.000000,0.000000,0.000000,0.000000,0.000000,8323198,
199,"You brush up against %s and fart loudly.",0.000000,0.000000,0.000000,0.000000,0.000000,0.000000,0.000000,8323198,
200,"%s farts loudly.  Whew...what stinks?",0.000000,0.000000,0.000000,0.000000,0.000000,0.000000,0.000000,8323198,
201,"You fart loudly.  Whew...what stinks?",0.000000,0.000000,0.000000,0.000000,0.000000,0.000000,0.000000,8323198,
202,"%s fidgets impatiently while waiting for %s.",0.000000,0.000000,0.000000,0.000000,0.000000,0.000000,0.000000,8323198,
203,"%s fidgets impatiently while waiting for you.",0.000000,0.000000,0.000000,0.000000,0.000000,0.000000,0.000000,8323198,
204,"You fidget impatiently while waiting for %s.",0.000000,0.000000,0.000000,0.000000,0.000000,0.000000,0.000000,8323198,
205,"%s fidgets.",0.000000,0.000000,0.000000,0.000000,0.000000,0.000000,0.000000,8323198,
206,"You fidget.",0.000000,0.000000,0.000000,0.000000,0.000000,0.000000,0.000000,8323198,
207,"%s flexes at %s.  Oooooh so strong!",0.000000,0.000000,0.000000,0.000000,0.000000,0.000000,0.000000,8323198,
208,"%s flexes at you.  Oooooh so strong!",0.000000,0.000000,0.000000,0.000000,0.000000,0.000000,0.000000,8323198,
209,"You flex at %s.  Oooooh so strong!",0.000000,0.000000,0.000000,0.000000,0.000000,0.000000,0.000000,8323198,
210,"%s flexes his muscles.  Oooooh so strong!",0.000000,0.000000,0.000000,0.000000,0.000000,0.000000,0.000000,8323198,
211,"You flex your muscles.  Oooooh so strong!",0.000000,0.000000,0.000000,0.000000,0.000000,0.000000,0.000000,8323198,
212,"%s flexes her muscles.  Oooooh so strong!",0.000000,0.000000,0.000000,0.000000,0.000000,0.000000,0.000000,8323198,
213,"%s frowns with disappointment at %s.",0.000000,0.000000,0.000000,0.000000,0.000000,0.000000,0.000000,8323198,
214,"%s frowns with disappointment at you.",0.000000,0.000000,0.000000,0.000000,0.000000,0.000000,0.000000,8323198,
215,"You frown with disappointment at %s.",0.000000,0.000000,0.000000,0.000000,0.000000,0.000000,0.000000,8323198,
216,"%s frowns.",0.000000,0.000000,0.000000,0.000000,0.000000,0.000000,0.000000,8323198,
217,"You frown.",0.000000,0.000000,0.000000,0.000000,0.000000,0.000000,0.000000,8323198,
218,"%s gasps at %s.",0.000000,0.000000,0.000000,0.000000,0.000000,0.000000,0.000000,8323198,
219,"%s gasps at you.",0.000000,0.000000,0.000000,0.000000,0.000000,0.000000,0.000000,8323198,
220,"You gasp at %s.",0.000000,0.000000,0.000000,0.000000,0.000000,0.000000,0.000000,8323198,
221,"%s gasps.",0.000000,0.000000,0.000000,0.000000,0.000000,0.000000,0.000000,8323198,
222,"You gasp.",0.000000,0.000000,0.000000,0.000000,0.000000,0.000000,0.000000,8323198,
223,"%s gazes eagerly at %s.",0.000000,0.000000,0.000000,0.000000,0.000000,0.000000,0.000000,8323198,
224,"%s gazes eagerly at you.",0.000000,0.000000,0.000000,0.000000,0.000000,0.000000,0.000000,8323198,
225,"You gaze eagerly at %s.",0.000000,0.000000,0.000000,0.000000,0.000000,0.000000,0.000000,8323198,
226,"%s gazes off into the distance.",0.000000,0.000000,0.000000,0.000000,0.000000,0.000000,0.000000,8323198,
227,"You gaze off into the distance.",0.000000,0.000000,0.000000,0.000000,0.000000,0.000000,0.000000,8323198,
228,"%s giggles at %s.",0.000000,0.000000,0.000000,0.000000,0.000000,0.000000,0.000000,8323198,
229,"%s giggles at you.",0.000000,0.000000,0.000000,0.000000,0.000000,0.000000,0.000000,8323198,
230,"You giggle at %s.",0.000000,0.000000,0.000000,0.000000,0.000000,0.000000,0.000000,8323198,
231,"%s giggles.",0.000000,0.000000,0.000000,0.000000,0.000000,0.000000,0.000000,8323198,
232,"You giggle.",0.000000,0.000000,0.000000,0.000000,0.000000,0.000000,0.000000,8323198,
233,"%s glares angrily at %s.",0.000000,0.000000,0.000000,0.000000,0.000000,0.000000,0.000000,8323198,
234,"%s glares angrily at you.",0.000000,0.000000,0.000000,0.000000,0.000000,0.000000,0.000000,8323198,
235,"You glare angrily at %s.",0.000000,0.000000,0.000000,0.000000,0.000000,0.000000,0.000000,8323198,
236,"%s glares angrily.",0.000000,0.000000,0.000000,0.000000,0.000000,0.000000,0.000000,8323198,
237,"You glare angrily.",0.000000,0.000000,0.000000,0.000000,0.000000,0.000000,0.000000,8323198,
238,"%s gloats over %s's misfortune.",0.000000,0.000000,0.000000,0.000000,0.000000,0.000000,0.000000,8323198,
239,"%s gloats over your misfortune.",0.000000,0.000000,0.000000,0.000000,0.000000,0.000000,0.000000,8323198,
240,"You gloat over %s's misfortune.",0.000000,0.000000,0.000000,0.000000,0.000000,0.000000,0.000000,8323198,
241,"%s gloats over everyone's misfortune.",0.000000,0.000000,0.000000,0.000000,0.000000,0.000000,0.000000,8323198,
242,"You gloat over everyone's misfortune.",0.000000,0.000000,0.000000,0.000000,0.000000,0.000000,0.000000,8323198,
243,"%s greets %s warmly.",0.000000,0.000000,0.000000,0.000000,0.000000,0.000000,0.000000,8323198,
244,"%s greets you warmly.",0.000000,0.000000,0.000000,0.000000,0.000000,0.000000,0.000000,8323198,
245,"You greet %s warmly.",0.000000,0.000000,0.000000,0.000000,0.000000,0.000000,0.000000,8323198,
246,"%s greets everyone warmly.",0.000000,0.000000,0.000000,0.000000,0.000000,0.000000,0.000000,8323198,
247,"You greet everyone warmly.",0.000000,0.000000,0.000000,0.000000,0.000000,0.000000,0.000000,8323198,
248,"%s grins wickedly at %s.",0.000000,0.000000,0.000000,0.000000,0.000000,0.000000,0.000000,8323198,
249,"%s grins at you wickedly.",0.000000,0.000000,0.000000,0.000000,0.000000,0.000000,0.000000,8323198,
250,"You grin wickedly at %s.",0.000000,0.000000,0.000000,0.000000,0.000000,0.000000,0.000000,8323198,
251,"%s grins wickedly.",0.000000,0.000000,0.000000,0.000000,0.000000,0.000000,0.000000,8323198,
252,"You grin wickedly.",0.000000,0.000000,0.000000,0.000000,0.000000,0.000000,0.000000,8323198,
253,"%s looks at %s and groans.",0.000000,0.000000,0.000000,0.000000,0.000000,0.000000,0.000000,8323198,
254,"%s looks at you and groans.",0.000000,0.000000,0.000000,0.000000,0.000000,0.000000,0.000000,8323198,
255,"You look at %s and groan.",0.000000,0.000000,0.000000,0.000000,0.000000,0.000000,0.000000,8323198,
256,"%s begins to groan.",0.000000,0.000000,0.000000,0.000000,0.000000,0.000000,0.000000,8323198,
257,"You begin to groan.",0.000000,0.000000,0.000000,0.000000,0.000000,0.000000,0.000000,8323198,
258,"%s grovels before %s like a subservient peon.",0.000000,0.000000,0.000000,0.000000,0.000000,0.000000,0.000000,8323198,
259,"%s grovels before you like a subservient peon.",0.000000,0.000000,0.000000,0.000000,0.000000,0.000000,0.000000,8323198,
260,"You grovel before %s like a subservient peon.",0.000000,0.000000,0.000000,0.000000,0.000000,0.000000,0.000000,8323198,
261,"%s grovels on the ground, wallowing in subservience.",0.000000,0.000000,0.000000,0.000000,0.000000,0.000000,0.000000,8323198,
262,"You grovel on the ground, wallowing in subservience.",0.000000,0.000000,0.000000,0.000000,0.000000,0.000000,0.000000,8323198,
263,"%s takes one look at %s and lets out a guffaw!",0.000000,0.000000,0.000000,0.000000,0.000000,0.000000,0.000000,8323198,
264,"%s takes one look at you and lets out a guffaw!",0.000000,0.000000,0.000000,0.000000,0.000000,0.000000,0.000000,8323198,
265,"You take one look at %s and let out a guffaw!",0.000000,0.000000,0.000000,0.000000,0.000000,0.000000,0.000000,8323198,
266,"%s lets out a boisterous guffaw!",0.000000,0.000000,0.000000,0.000000,0.000000,0.000000,0.000000,8323198,
267,"You let out a boisterous guffaw!",0.000000,0.000000,0.000000,0.000000,0.000000,0.000000,0.000000,8323198,
268,"%s hails %s.",0.000000,0.000000,0.000000,0.000000,0.000000,0.000000,0.000000,8323198,
269,"%s hails you.",0.000000,0.000000,0.000000,0.000000,0.000000,0.000000,0.000000,8323198,
270,"You hail %s.",0.000000,0.000000,0.000000,0.000000,0.000000,0.000000,0.000000,8323198,
271,"%s hails everyone around him.",0.000000,0.000000,0.000000,0.000000,0.000000,0.000000,0.000000,8323198,
272,"You hail those around you.",0.000000,0.000000,0.000000,0.000000,0.000000,0.000000,0.000000,8323198,
273,"%s hails everyone around her.",0.000000,0.000000,0.000000,0.000000,0.000000,0.000000,0.000000,8323198,
274,"%s is very happy with %s!",0.000000,0.000000,0.000000,0.000000,0.000000,0.000000,0.000000,8323198,
275,"%s is very happy with you!",0.000000,0.000000,0.000000,0.000000,0.000000,0.000000,0.000000,8323198,
276,"You are very happy with %s!",0.000000,0.000000,0.000000,0.000000,0.000000,0.000000,0.000000,8323198,
277,"%s is filled with happiness!",0.000000,0.000000,0.000000,0.000000,0.000000,0.000000,0.000000,8323198,
278,"You are filled with happiness!",0.000000,0.000000,0.000000,0.000000,0.000000,0.000000,0.000000,8323198,
279,"%s greets %s with a hearty hello!",0.000000,0.000000,0.000000,0.000000,0.000000,0.000000,0.000000,8323198,
280,"%s greets you with a hearty hello!",0.000000,0.000000,0.000000,0.000000,0.000000,0.000000,0.000000,8323198,
281,"You greet %s with a hearty hello!",0.000000,0.000000,0.000000,0.000000,0.000000,0.000000,0.000000,8323198,
282,"%s greets everyone with a hearty hello!",0.000000,0.000000,0.000000,0.000000,0.000000,0.000000,0.000000,8323198,
283,"You greet everyone with a hearty hello!",0.000000,0.000000,0.000000,0.000000,0.000000,0.000000,0.000000,8323198,
284,"%s hugs %s.",0.000000,0.000000,0.000000,0.000000,0.000000,0.000000,0.000000,8323198,
285,"%s hugs you.",0.000000,0.000000,0.000000,0.000000,0.000000,0.000000,0.000000,8323198,
286,"You hug %s.",0.000000,0.000000,0.000000,0.000000,0.000000,0.000000,0.000000,8323198,
287,"%s needs a hug!",0.000000,0.000000,0.000000,0.000000,0.000000,0.000000,0.000000,8323198,
288,"You need a hug!",0.000000,0.000000,0.000000,0.000000,0.000000,0.000000,0.000000,8323198,
289,"%s is hungry.  Maybe %s has some food...",0.000000,0.000000,0.000000,0.000000,0.000000,0.000000,0.000000,8323198,
290,"%s is hungry.  Maybe you have some food...",0.000000,0.000000,0.000000,0.000000,0.000000,0.000000,0.000000,8323198,
291,"You are hungry.  Maybe %s has some food...",0.000000,0.000000,0.000000,0.000000,0.000000,0.000000,0.000000,8323198,
292,"%s is hungry!",0.000000,0.000000,0.000000,0.000000,0.000000,0.000000,0.000000,8323198,
293,"You are hungry!",0.000000,0.000000,0.000000,0.000000,0.000000,0.000000,0.000000,8323198,
294,"%s blows %s a kiss.",0.000000,0.000000,0.000000,0.000000,0.000000,0.000000,0.000000,8323198,
295,"%s blows you a kiss.",0.000000,0.000000,0.000000,0.000000,0.000000,0.000000,0.000000,8323198,
296,"You blow a kiss to %s.",0.000000,0.000000,0.000000,0.000000,0.000000,0.000000,0.000000,8323198,
297,"%s blows a kiss into the wind.",0.000000,0.000000,0.000000,0.000000,0.000000,0.000000,0.000000,8323198,
298,"You blow a kiss into the wind.",0.000000,0.000000,0.000000,0.000000,0.000000,0.000000,0.000000,8323198,
299,"%s kneels before %s.",0.000000,0.000000,0.000000,0.000000,0.000000,0.000000,0.000000,8323198,
300,"%s kneels before you.",0.000000,0.000000,0.000000,0.000000,0.000000,0.000000,0.000000,8323198,
301,"You kneel before %s.",0.000000,0.000000,0.000000,0.000000,0.000000,0.000000,0.000000,8323198,
302,"%s kneels down.",0.000000,0.000000,0.000000,0.000000,0.000000,0.000000,0.000000,8323198,
303,"You kneel down.",0.000000,0.000000,0.000000,0.000000,0.000000,0.000000,0.000000,8323198,
304,"%s laughs at %s.",0.000000,0.000000,0.000000,0.000000,0.000000,0.000000,0.000000,8323198,
305,"%s laughs at you.",0.000000,0.000000,0.000000,0.000000,0.000000,0.000000,0.000000,8323198,
306,"You laugh at %s.",0.000000,0.000000,0.000000,0.000000,0.000000,0.000000,0.000000,8323198,
307,"%s laughs.",0.000000,0.000000,0.000000,0.000000,0.000000,0.000000,0.000000,8323198,
308,"You laugh.",0.000000,0.000000,0.000000,0.000000,0.000000,0.000000,0.000000,8323198,
309,"%s lies down before %s.",0.000000,0.000000,0.000000,0.000000,0.000000,0.000000,0.000000,8323198,
310,"%s lies down before you.",0.000000,0.000000,0.000000,0.000000,0.000000,0.000000,0.000000,8323198,
311,"You lie down before %s.",0.000000,0.000000,0.000000,0.000000,0.000000,0.000000,0.000000,8323198,
312,"%s lies down.",0.000000,0.000000,0.000000,0.000000,0.000000,0.000000,0.000000,8323198,
313,"You lie down.",0.000000,0.000000,0.000000,0.000000,0.000000,0.000000,0.000000,8323198,
314,"%s massages %s's shoulders.",0.000000,0.000000,0.000000,0.000000,0.000000,0.000000,0.000000,8323198,
315,"%s massages your shoulders.",0.000000,0.000000,0.000000,0.000000,0.000000,0.000000,0.000000,8323198,
316,"You massage %s's shoulders.",0.000000,0.000000,0.000000,0.000000,0.000000,0.000000,0.000000,8323198,
317,"%s needs a massage!",0.000000,0.000000,0.000000,0.000000,0.000000,0.000000,0.000000,8323198,
318,"You need a massage!",0.000000,0.000000,0.000000,0.000000,0.000000,0.000000,0.000000,8323198,
319,"%s moans suggestively at %s.",0.000000,0.000000,0.000000,0.000000,0.000000,0.000000,0.000000,8323198,
320,"%s moans suggestively at you.",0.000000,0.000000,0.000000,0.000000,0.000000,0.000000,0.000000,8323198,
321,"You moan suggestively at %s.",0.000000,0.000000,0.000000,0.000000,0.000000,0.000000,0.000000,8323198,
322,"%s moans suggestively.",0.000000,0.000000,0.000000,0.000000,0.000000,0.000000,0.000000,8323198,
323,"You moan suggestively.",0.000000,0.000000,0.000000,0.000000,0.000000,0.000000,0.000000,8323198,
324,"%s drops his trousers and moons %s.",0.000000,0.000000,0.000000,0.000000,0.000000,0.000000,0.000000,8323198,
325,"%s drops his trousers and moons you.",0.000000,0.000000,0.000000,0.000000,0.000000,0.000000,0.000000,8323198,
326,"You drop your trousers and moon %s.",0.000000,0.000000,0.000000,0.000000,0.000000,0.000000,0.000000,8323198,
327,"%s drops his trousers and moons everyone.",0.000000,0.000000,0.000000,0.000000,0.000000,0.000000,0.000000,8323198,
328,"You drop your trousers and moon everyone.",0.000000,0.000000,0.000000,0.000000,0.000000,0.000000,0.000000,8323198,
329,"%s drops her trousers and moons %s.",0.000000,0.000000,0.000000,0.000000,0.000000,0.000000,0.000000,8323198,
330,"%s drops her trousers and moons you.",0.000000,0.000000,0.000000,0.000000,0.000000,0.000000,0.000000,8323198,
331,"%s drops her trousers and moons everyone.",0.000000,0.000000,0.000000,0.000000,0.000000,0.000000,0.000000,8323198,
332,"In quiet contemplation, %s mourns the death of %s.",0.000000,0.000000,0.000000,0.000000,0.000000,0.000000,0.000000,8323198,
333,"In quiet contemplation, %s mourns your death.",0.000000,0.000000,0.000000,0.000000,0.000000,0.000000,0.000000,8323198,
334,"In quiet contemplation, you mourn the death of %s.",0.000000,0.000000,0.000000,0.000000,0.000000,0.000000,0.000000,8323198,
335,"In quiet contemplation, %s mourns the loss of the dead.",0.000000,0.000000,0.000000,0.000000,0.000000,0.000000,0.000000,8323198,
336,"In quiet contemplation, you mourn the loss of the dead.",0.000000,0.000000,0.000000,0.000000,0.000000,0.000000,0.000000,8323198,
337,"%s tells %s NO.  Not going to happen.",0.000000,0.000000,0.000000,0.000000,0.000000,0.000000,0.000000,8323198,
338,"%s tells you NO.  Not going to happen.",0.000000,0.000000,0.000000,0.000000,0.000000,0.000000,0.000000,8323198,
339,"You tell %s NO.  Not going to happen.",0.000000,0.000000,0.000000,0.000000,0.000000,0.000000,0.000000,8323198,
340,"%s clearly states, NO.",0.000000,0.000000,0.000000,0.000000,0.000000,0.000000,0.000000,8323198,
341,"You clearly state, NO.",0.000000,0.000000,0.000000,0.000000,0.000000,0.000000,0.000000,8323198,
342,"%s nods at %s.",0.000000,0.000000,0.000000,0.000000,0.000000,0.000000,0.000000,8323198,
343,"%s nods at you.",0.000000,0.000000,0.000000,0.000000,0.000000,0.000000,0.000000,8323198,
344,"You nod at %s.",0.000000,0.000000,0.000000,0.000000,0.000000,0.000000,0.000000,8323198,
345,"%s nods.",0.000000,0.000000,0.000000,0.000000,0.000000,0.000000,0.000000,8323198,
346,"You nod.",0.000000,0.000000,0.000000,0.000000,0.000000,0.000000,0.000000,8323198,
347,"%s picks his nose and shows it to %s.",0.000000,0.000000,0.000000,0.000000,0.000000,0.000000,0.000000,8323198,
348,"%s picks his nose and shows it to you.",0.000000,0.000000,0.000000,0.000000,0.000000,0.000000,0.000000,8323198,
349,"You pick your nose and show it to %s.",0.000000,0.000000,0.000000,0.000000,0.000000,0.000000,0.000000,8323198,
350,"%s passes the time with a finger deep in one nostril.",0.000000,0.000000,0.000000,0.000000,0.000000,0.000000,0.000000,8323198,
351,"With a finger deep in one nostril, you pass the time.",0.000000,0.000000,0.000000,0.000000,0.000000,0.000000,0.000000,8323198,
352,"%s picks her nose and shows it to %s.",0.000000,0.000000,0.000000,0.000000,0.000000,0.000000,0.000000,8323198,
353,"%s picks her nose and shows it to you.",0.000000,0.000000,0.000000,0.000000,0.000000,0.000000,0.000000,8323198,
354,"%s takes one look at %s and panics.",0.000000,0.000000,0.000000,0.000000,0.000000,0.000000,0.000000,8323198,
355,"%s takes one look at you and panics.",0.000000,0.000000,0.000000,0.000000,0.000000,0.000000,0.000000,8323198,
356,"You take one look at %s and panic.",0.000000,0.000000,0.000000,0.000000,0.000000,0.000000,0.000000,8323198,
357,"%s runs around in a frenzied state of panic.",0.000000,0.000000,0.000000,0.000000,0.000000,0.000000,0.000000,8323198,
358,"You run around in a frenzied state of panic.",0.000000,0.000000,0.000000,0.000000,0.000000,0.000000,0.000000,8323198,
359,"%s peers at %s searchingly.",0.000000,0.000000,0.000000,0.000000,0.000000,0.000000,0.000000,8323198,
360,"%s peers at you searchingly.",0.000000,0.000000,0.000000,0.000000,0.000000,0.000000,0.000000,8323198,
361,"You peer at %s searchingly.",0.000000,0.000000,0.000000,0.000000,0.000000,0.000000,0.000000,8323198,
362,"%s peers around, searchingly.",0.000000,0.000000,0.000000,0.000000,0.000000,0.000000,0.000000,8323198,
363,"You peer around, searchingly.",0.000000,0.000000,0.000000,0.000000,0.000000,0.000000,0.000000,8323198,
364,"%s pleads with %s.",0.000000,0.000000,0.000000,0.000000,0.000000,0.000000,0.000000,8323198,
365,"%s pleads with you.",0.000000,0.000000,0.000000,0.000000,0.000000,0.000000,0.000000,8323198,
366,"You plead with %s.",0.000000,0.000000,0.000000,0.000000,0.000000,0.000000,0.000000,8323198,
367,"%s drops to his knees and pleads in desperation.",0.000000,0.000000,0.000000,0.000000,0.000000,0.000000,0.000000,4128894,
368,"You drop to your knees and plead in desperation.",0.000000,0.000000,0.000000,0.000000,0.000000,0.000000,0.000000,8323198,
369,"%s drops to her knees and plead in desperation.",0.000000,0.000000,0.000000,0.000000,0.000000,0.000000,0.000000,8323198,
370,"%s points at %s.",0.000000,0.000000,0.000000,0.000000,0.000000,0.000000,0.000000,8323198,
371,"%s points at you.",0.000000,0.000000,0.000000,0.000000,0.000000,0.000000,0.000000,8323198,
372,"You point at %s.",0.000000,0.000000,0.000000,0.000000,0.000000,0.000000,0.000000,8323198,
373,"%s points over yonder.",0.000000,0.000000,0.000000,0.000000,0.000000,0.000000,0.000000,8323198,
374,"You point over yonder.",0.000000,0.000000,0.000000,0.000000,0.000000,0.000000,0.000000,8323198,
375,"%s pokes %s.  Hey!",0.000000,0.000000,0.000000,0.000000,0.000000,0.000000,0.000000,8323198,
376,"%s pokes you.  Hey!",0.000000,0.000000,0.000000,0.000000,0.000000,0.000000,0.000000,8323198,
377,"You poke %s.  Hey!",0.000000,0.000000,0.000000,0.000000,0.000000,0.000000,0.000000,8323198,
378,"%s pokes his belly and giggles.",0.000000,0.000000,0.000000,0.000000,0.000000,0.000000,0.000000,8323198,
379,"You poke your belly and giggle.",0.000000,0.000000,0.000000,0.000000,0.000000,0.000000,0.000000,8323198,
380,"%s pokes her belly and giggles.",0.000000,0.000000,0.000000,0.000000,0.000000,0.000000,0.000000,8323198,
381,"%s says a prayer for %s.",0.000000,0.000000,0.000000,0.000000,0.000000,0.000000,0.000000,8323198,
382,"%s says a prayer for you.",0.000000,0.000000,0.000000,0.000000,0.000000,0.000000,0.000000,8323198,
383,"You say a prayer for %s.",0.000000,0.000000,0.000000,0.000000,0.000000,0.000000,0.000000,8323198,
384,"%s prays to the Gods.",0.000000,0.000000,0.000000,0.000000,0.000000,0.000000,0.000000,8323198,
385,"You pray to the Gods.",0.000000,0.000000,0.000000,0.000000,0.000000,0.000000,0.000000,8323198,
386,"%s roars with bestial vigor at %s.  So fierce!",0.000000,0.000000,0.000000,0.000000,0.000000,0.000000,0.000000,8323198,
387,"%s roars with bestial vigor at you.  So fierce!",0.000000,0.000000,0.000000,0.000000,0.000000,0.000000,0.000000,8323198,
388,"You roar with bestial vigor at %s.  So fierce!",0.000000,0.000000,0.000000,0.000000,0.000000,0.000000,0.000000,8323198,
389,"%s roars with bestial vigor.  So fierce!",0.000000,0.000000,0.000000,0.000000,0.000000,0.000000,0.000000,8323198,
390,"You roar with bestial vigor.  So fierce!",0.000000,0.000000,0.000000,0.000000,0.000000,0.000000,0.000000,8323198,
391,"%s rolls on the floor laughing at %s.",0.000000,0.000000,0.000000,0.000000,0.000000,0.000000,0.000000,8323198,
392,"%s rolls on the floor laughing at you.",0.000000,0.000000,0.000000,0.000000,0.000000,0.000000,0.000000,8323198,
393,"You roll on the floor laughing at %s.",0.000000,0.000000,0.000000,0.000000,0.000000,0.000000,0.000000,8323198,
394,"%s rolls on the floor laughing.",0.000000,0.000000,0.000000,0.000000,0.000000,0.000000,0.000000,8323198,
395,"You roll on the floor laughing.",0.000000,0.000000,0.000000,0.000000,0.000000,0.000000,0.000000,8323198,
396,"%s makes a rude gesture at %s.",0.000000,0.000000,0.000000,0.000000,0.000000,0.000000,0.000000,8323198,
397,"%s makes a rude gesture at you.",0.000000,0.000000,0.000000,0.000000,0.000000,0.000000,0.000000,8323198,
398,"You make a rude gesture at %s.",0.000000,0.000000,0.000000,0.000000,0.000000,0.000000,0.000000,8323198,
399,"%s makes a rude gesture.",0.000000,0.000000,0.000000,0.000000,0.000000,0.000000,0.000000,8323198,
400,"You make a rude gesture.",0.000000,0.000000,0.000000,0.000000,0.000000,0.000000,0.000000,8323198,
401,"%s salutes %s with respect.",0.000000,0.000000,0.000000,0.000000,0.000000,0.000000,0.000000,8323198,
402,"%s salutes you with respect.",0.000000,0.000000,0.000000,0.000000,0.000000,0.000000,0.000000,8323198,
403,"You salute %s with respect.",0.000000,0.000000,0.000000,0.000000,0.000000,0.000000,0.000000,8323198,
404,"%s stands at attention and salutes.",0.000000,0.000000,0.000000,0.000000,0.000000,0.000000,0.000000,4128894,
405,"You stand at attention and salute.",0.000000,0.000000,0.000000,0.000000,0.000000,0.000000,0.000000,8323198,
406,"%s scratches %s.  How catty!",0.000000,0.000000,0.000000,0.000000,0.000000,0.000000,0.000000,8323198,
407,"%s scratches you.  How catty!",0.000000,0.000000,0.000000,0.000000,0.000000,0.000000,0.000000,8323198,
408,"You scratch %s.  How catty!",0.000000,0.000000,0.000000,0.000000,0.000000,0.000000,0.000000,8323198,
409,"%s scratches himself.  Ah, much better!",0.000000,0.000000,0.000000,0.000000,0.000000,0.000000,0.000000,8323198,
410,"You scratch yourself.  Ah, much better!",0.000000,0.000000,0.000000,0.000000,0.000000,0.000000,0.000000,8323198,
411,"%s scratches herself.  Ah, much better!",0.000000,0.000000,0.000000,0.000000,0.000000,0.000000,0.000000,8323198,
412,"%s thinks %s is a sexy devil.",0.000000,0.000000,0.000000,0.000000,0.000000,0.000000,0.000000,8323198,
413,"%s thinks you are a sexy devil.",0.000000,0.000000,0.000000,0.000000,0.000000,0.000000,0.000000,8323198,
414,"You think %s is a sexy devil.",0.000000,0.000000,0.000000,0.000000,0.000000,0.000000,0.000000,8323198,
415,"%s is too sexy for his tunic...so sexy it hurts.",0.000000,0.000000,0.000000,0.000000,0.000000,0.000000,0.000000,8323198,
416,"You're too sexy for your tunic...so sexy it hurts.",0.000000,0.000000,0.000000,0.000000,0.000000,0.000000,0.000000,8323198,
417,"%s is too sexy for her tunic...so sexy it hurts.",0.000000,0.000000,0.000000,0.000000,0.000000,0.000000,0.000000,8323198,
418,"%s shakes his rear at %s.",0.000000,0.000000,0.000000,0.000000,0.000000,0.000000,0.000000,8323198,
419,"%s shakes his rear at you.",0.000000,0.000000,0.000000,0.000000,0.000000,0.000000,0.000000,8323198,
420,"You shake your rear at %s.",0.000000,0.000000,0.000000,0.000000,0.000000,0.000000,0.000000,8323198,
421,"%s shakes his rear.",0.000000,0.000000,0.000000,0.000000,0.000000,0.000000,0.000000,8323198,
422,"You shake your rear.",0.000000,0.000000,0.000000,0.000000,0.000000,0.000000,0.000000,8323198,
423,"%s shakes her rear at %s.",0.000000,0.000000,0.000000,0.000000,0.000000,0.000000,0.000000,8323198,
424,"%s shakes her rear at you.",0.000000,0.000000,0.000000,0.000000,0.000000,0.000000,0.000000,8323198,
425,"%s shakes her rear.",0.000000,0.000000,0.000000,0.000000,0.000000,0.000000,0.000000,8323198,
426,"%s shouts at %s.",0.000000,0.000000,0.000000,0.000000,0.000000,0.000000,0.000000,8323198,
427,"%s shouts at you.",0.000000,0.000000,0.000000,0.000000,0.000000,0.000000,0.000000,8323198,
428,"You shout at %s.",0.000000,0.000000,0.000000,0.000000,0.000000,0.000000,0.000000,8323198,
429,"%s shouts.",0.000000,0.000000,0.000000,0.000000,0.000000,0.000000,0.000000,8323198,
430,"You shout.",0.000000,0.000000,0.000000,0.000000,0.000000,0.000000,0.000000,8323198,
431,"%s shrugs at %s.  Who knows?",0.000000,0.000000,0.000000,0.000000,0.000000,0.000000,0.000000,8323198,
432,"%s shrugs at you.  Who knows?",0.000000,0.000000,0.000000,0.000000,0.000000,0.000000,0.000000,8323198,
433,"You shrug at %s.  Who knows?",0.000000,0.000000,0.000000,0.000000,0.000000,0.000000,0.000000,8323198,
434,"%s shrugs.  Who knows?",0.000000,0.000000,0.000000,0.000000,0.000000,0.000000,0.000000,4128894,
435,"You shrug.  Who knows?",0.000000,0.000000,0.000000,0.000000,0.000000,0.000000,0.000000,8323198,
436,"%s smiles shyly at %s.",0.000000,0.000000,0.000000,0.000000,0.000000,0.000000,0.000000,4128894,
437,"%s smiles shyly at you.",0.000000,0.000000,0.000000,0.000000,0.000000,0.000000,0.000000,4128894,
438,"You smile shyly at %s.",0.000000,0.000000,0.000000,0.000000,0.000000,0.000000,0.000000,4128894,
439,"%s smiles shyly.",0.000000,0.000000,0.000000,0.000000,0.000000,0.000000,0.000000,4128894,
440,"You smile shyly.",0.000000,0.000000,0.000000,0.000000,0.000000,0.000000,0.000000,4128894,
441,"%s sighs at %s.",0.000000,0.000000,0.000000,0.000000,0.000000,0.000000,0.000000,8323198,
442,"%s sighs at you.",0.000000,0.000000,0.000000,0.000000,0.000000,0.000000,0.000000,8323198,
443,"You sigh at %s.",0.000000,0.000000,0.000000,0.000000,0.000000,0.000000,0.000000,8323198,
444,"%s lets out a long, drawn-out sigh.",0.000000,0.000000,0.000000,0.000000,0.000000,0.000000,0.000000,8323198,
445,"You let out a long, drawn-out sigh.",0.000000,0.000000,0.000000,0.000000,0.000000,0.000000,0.000000,8323198,
446,"",0.000000,0.000000,0.000000,0.000000,0.000000,0.000000,0.000000,8323196,
447,"",0.000000,0.000000,0.000000,0.000000,0.000000,0.000000,0.000000,8323196,
448,"%s falls asleep. Zzzzzzz.",0.000000,0.000000,0.000000,0.000000,0.000000,0.000000,0.000000,8323198,
449,"You fall asleep.  Zzzzzzz.",0.000000,0.000000,0.000000,0.000000,0.000000,0.000000,0.000000,8323198,
450,"%s bares his teeth and snarls at %s.",0.000000,0.000000,0.000000,0.000000,0.000000,0.000000,0.000000,8323198,
451,"%s bares his teeth and snarls at you.",0.000000,0.000000,0.000000,0.000000,0.000000,0.000000,0.000000,8323198,
452,"You bare your teeth and snarl at %s.",0.000000,0.000000,0.000000,0.000000,0.000000,0.000000,0.000000,8323198,
453,"%s bares his teeth and snarls.",0.000000,0.000000,0.000000,0.000000,0.000000,0.000000,0.000000,8323198,
454,"You bare your teeth and snarl.",0.000000,0.000000,0.000000,0.000000,0.000000,0.000000,0.000000,8323198,
455,"%s bares her teeth and snarls at %s.",0.000000,0.000000,0.000000,0.000000,0.000000,0.000000,0.000000,8323198,
456,"%s bares her teeth and snarls at you.",0.000000,0.000000,0.000000,0.000000,0.000000,0.000000,0.000000,8323198,
457,"%s bares her teeth and snarls.",0.000000,0.000000,0.000000,0.000000,0.000000,0.000000,0.000000,8323198,
458,"%s spits on %s.",0.000000,0.000000,0.000000,0.000000,0.000000,0.000000,0.000000,8323198,
459,"%s spits on you.",0.000000,0.000000,0.000000,0.000000,0.000000,0.000000,0.000000,8323198,
460,"You spit on %s.",0.000000,0.000000,0.000000,0.000000,0.000000,0.000000,0.000000,8323198,
461,"%s spits on the ground.",0.000000,0.000000,0.000000,0.000000,0.000000,0.000000,0.000000,8323198,
462,"You spit on the ground.",0.000000,0.000000,0.000000,0.000000,0.000000,0.000000,0.000000,8323198,
463,"%s stares %s down.",0.000000,0.000000,0.000000,0.000000,0.000000,0.000000,0.000000,8323198,
464,"%s stares you down.",0.000000,0.000000,0.000000,0.000000,0.000000,0.000000,0.000000,8323198,
465,"You stare %s down.",0.000000,0.000000,0.000000,0.000000,0.000000,0.000000,0.000000,8323198,
466,"%s stares off into the distance.",0.000000,0.000000,0.000000,0.000000,0.000000,0.000000,0.000000,8323198,
467,"You stare off into the distance.",0.000000,0.000000,0.000000,0.000000,0.000000,0.000000,0.000000,8323198,
468,"%s is surprised by %s's actions.",0.000000,0.000000,0.000000,0.000000,0.000000,0.000000,0.000000,4128894,
469,"%s is surprised by your actions.",0.000000,0.000000,0.000000,0.000000,0.000000,0.000000,0.000000,4128894,
470,"You are surprised by %s's actions.",0.000000,0.000000,0.000000,0.000000,0.000000,0.000000,0.000000,4128894,
471,"%s is so surprised!",0.000000,0.000000,0.000000,0.000000,0.000000,0.000000,0.000000,8323198,
472,"You are so surprised!",0.000000,0.000000,0.000000,0.000000,0.000000,0.000000,0.000000,8323198,
473,"%s surrenders before %s.  Such is the agony of defeat...",0.000000,0.000000,0.000000,0.000000,0.000000,0.000000,0.000000,8323198,
474,"%s surrenders before you.  Such is the agony of defeat...",0.000000,0.000000,0.000000,0.000000,0.000000,0.000000,0.000000,8323198,
475,"You surrender before %s.  Such is the agony of defeat...",0.000000,0.000000,0.000000,0.000000,0.000000,0.000000,0.000000,8323198,
476,"%s surrenders to his opponents.",0.000000,0.000000,0.000000,0.000000,0.000000,0.000000,0.000000,8323198,
477,"You surrender to your opponents.",0.000000,0.000000,0.000000,0.000000,0.000000,0.000000,0.000000,8323198,
478,"%s surrenders to her opponents.",0.000000,0.000000,0.000000,0.000000,0.000000,0.000000,0.000000,8323198,
479,"%s wants to talk things over with %s.",0.000000,0.000000,0.000000,0.000000,0.000000,0.000000,0.000000,8323198,
480,"%s wants to talk things over with you.",0.000000,0.000000,0.000000,0.000000,0.000000,0.000000,0.000000,8323198,
481,"You want to talk things over with %s.",0.000000,0.000000,0.000000,0.000000,0.000000,0.000000,0.000000,8323198,
482,"%s talks to himself since no one else seems interested.",0.000000,0.000000,0.000000,0.000000,0.000000,0.000000,0.000000,8323198,
483,"You talk to yourself since no one else seems interested.",0.000000,0.000000,0.000000,0.000000,0.000000,0.000000,0.000000,8323198,
484,"%s talks to herself since no one else seems interested.",0.000000,0.000000,0.000000,0.000000,0.000000,0.000000,0.000000,8323198,
485,"%s talks excitedly with %s.",0.000000,0.000000,0.000000,0.000000,0.000000,0.000000,0.000000,8323198,
486,"%s talks excitedly with you.",0.000000,0.000000,0.000000,0.000000,0.000000,0.000000,0.000000,8323198,
487,"You talk excitedly with %s.",0.000000,0.000000,0.000000,0.000000,0.000000,0.000000,0.000000,8323198,
488,"%s talks excitedly with everyone.",0.000000,0.000000,0.000000,0.000000,0.000000,0.000000,0.000000,8323198,
489,"You talk excitedly with everyone.",0.000000,0.000000,0.000000,0.000000,0.000000,0.000000,0.000000,8323198,
490,"%s questions %s.",0.000000,0.000000,0.000000,0.000000,0.000000,0.000000,0.000000,8323198,
491,"%s questions you.",0.000000,0.000000,0.000000,0.000000,0.000000,0.000000,0.000000,8323198,
492,"You question %s.",0.000000,0.000000,0.000000,0.000000,0.000000,0.000000,0.000000,8323198,
493,"%s wants to know the meaning of life.",0.000000,0.000000,0.000000,0.000000,0.000000,0.000000,0.000000,8323198,
494,"You want to know the meaning of life.",0.000000,0.000000,0.000000,0.000000,0.000000,0.000000,0.000000,8323198,
495,"%s taps his foot as he waits for %s.",0.000000,0.000000,0.000000,0.000000,0.000000,0.000000,0.000000,8323198,
496,"%s taps his foot as he waits for you.",0.000000,0.000000,0.000000,0.000000,0.000000,0.000000,0.000000,8323198,
497,"You tap your foot as you wait for %s.",0.000000,0.000000,0.000000,0.000000,0.000000,0.000000,0.000000,8323198,
498,"%s taps his foot.  Hurry up already!",0.000000,0.000000,0.000000,0.000000,0.000000,0.000000,0.000000,8323198,
499,"You tap your foot.  Hurry up already!",0.000000,0.000000,0.000000,0.000000,0.000000,0.000000,0.000000,8323198,
500,"%s taps her foot as she waits for %s.",0.000000,0.000000,0.000000,0.000000,0.000000,0.000000,0.000000,8323198,
501,"%s taps her foot as she waits for you.",0.000000,0.000000,0.000000,0.000000,0.000000,0.000000,0.000000,8323198,
502,"%s taps her foot.  Hurry up already!",0.000000,0.000000,0.000000,0.000000,0.000000,0.000000,0.000000,8323198,
503,"%s thanks %s.",0.000000,0.000000,0.000000,0.000000,0.000000,0.000000,0.000000,8323198,
504,"%s thanks you.",0.000000,0.000000,0.000000,0.000000,0.000000,0.000000,0.000000,8323198,
505,"You thank %s.",0.000000,0.000000,0.000000,0.000000,0.000000,0.000000,0.000000,8323198,
506,"%s thanks everyone.",0.000000,0.000000,0.000000,0.000000,0.000000,0.000000,0.000000,8323198,
507,"You thank everyone around you.",0.000000,0.000000,0.000000,0.000000,0.000000,0.000000,0.000000,8323198,
508,"%s threatens %s with the wrath of doom.",0.000000,0.000000,0.000000,0.000000,0.000000,0.000000,0.000000,8323198,
509,"%s threatens you with the wrath of doom.",0.000000,0.000000,0.000000,0.000000,0.000000,0.000000,0.000000,8323198,
510,"You threaten %s with the wrath of doom.",0.000000,0.000000,0.000000,0.000000,0.000000,0.000000,0.000000,8323198,
511,"%s threatens everyone with the wrath of doom.",0.000000,0.000000,0.000000,0.000000,0.000000,0.000000,0.000000,8323198,
512,"You threaten everyone with the wrath of doom.",0.000000,0.000000,0.000000,0.000000,0.000000,0.000000,0.000000,8323198,
513,"%s lets %s know that he is tired.",0.000000,0.000000,0.000000,0.000000,0.000000,0.000000,0.000000,8323198,
514,"%s lets you know that he is tired.",0.000000,0.000000,0.000000,0.000000,0.000000,0.000000,0.000000,8323198,
515,"You let %s know that you are tired.",0.000000,0.000000,0.000000,0.000000,0.000000,0.000000,0.000000,8323198,
516,"%s lets everyone know that he is tired.",0.000000,0.000000,0.000000,0.000000,0.000000,0.000000,0.000000,8323198,
517,"You let everyone know that you are tired.",0.000000,0.000000,0.000000,0.000000,0.000000,0.000000,0.000000,8323198,
518,"%s lets %s know that she is tired.",0.000000,0.000000,0.000000,0.000000,0.000000,0.000000,0.000000,8323198,
519,"%s lets you know that she is tired.",0.000000,0.000000,0.000000,0.000000,0.000000,0.000000,0.000000,8323198,
520,"%s lets everyone know that she is tired.",0.000000,0.000000,0.000000,0.000000,0.000000,0.000000,0.000000,8323198,
521,"%s basks in the glory of victory with %s.",0.000000,0.000000,0.000000,0.000000,0.000000,0.000000,0.000000,8323198,
522,"%s basks in the glory of victory with you.",0.000000,0.000000,0.000000,0.000000,0.000000,0.000000,0.000000,8323198,
523,"You bask in the glory of victory with %s.",0.000000,0.000000,0.000000,0.000000,0.000000,0.000000,0.000000,8323198,
524,"%s basks in the glory of victory.",0.000000,0.000000,0.000000,0.000000,0.000000,0.000000,0.000000,8323198,
525,"You bask in the glory of victory.",0.000000,0.000000,0.000000,0.000000,0.000000,0.000000,0.000000,8323198,
526,"%s waves at %s.",0.000000,0.000000,0.000000,0.000000,0.000000,0.000000,0.000000,8323198,
527,"%s waves at you.",0.000000,0.000000,0.000000,0.000000,0.000000,0.000000,0.000000,8323198,
528,"You wave at %s.",0.000000,0.000000,0.000000,0.000000,0.000000,0.000000,0.000000,8323198,
529,"%s waves.",0.000000,0.000000,0.000000,0.000000,0.000000,0.000000,0.000000,8323198,
530,"You wave.",0.000000,0.000000,0.000000,0.000000,0.000000,0.000000,0.000000,8323198,
531,"%s welcomes %s.",0.000000,0.000000,0.000000,0.000000,0.000000,0.000000,0.000000,8323198,
532,"%s welcomes you.",0.000000,0.000000,0.000000,0.000000,0.000000,0.000000,0.000000,8323198,
533,"You welcome %s.",0.000000,0.000000,0.000000,0.000000,0.000000,0.000000,0.000000,8323198,
534,"%s welcomes everyone.",0.000000,0.000000,0.000000,0.000000,0.000000,0.000000,0.000000,8323198,
535,"You welcome everyone.",0.000000,0.000000,0.000000,0.000000,0.000000,0.000000,0.000000,8323198,
536,"%s whines pathetically at %s.",0.000000,0.000000,0.000000,0.000000,0.000000,0.000000,0.000000,8323198,
537,"%s whines pathetically at you.",0.000000,0.000000,0.000000,0.000000,0.000000,0.000000,0.000000,8323198,
538,"You whine pathetically at %s.",0.000000,0.000000,0.000000,0.000000,0.000000,0.000000,0.000000,8323198,
539,"%s whines pathetically.",0.000000,0.000000,0.000000,0.000000,0.000000,0.000000,0.000000,8323198,
540,"You whine pathetically.",0.000000,0.000000,0.000000,0.000000,0.000000,0.000000,0.000000,8323198,
541,"%s whistles at %s.",0.000000,0.000000,0.000000,0.000000,0.000000,0.000000,0.000000,8323198,
542,"%s whistles at you.",0.000000,0.000000,0.000000,0.000000,0.000000,0.000000,0.000000,8323198,
543,"You whistle at %s.",0.000000,0.000000,0.000000,0.000000,0.000000,0.000000,0.000000,8323198,
544,"%s lets forth a sharp whistle.",0.000000,0.000000,0.000000,0.000000,0.000000,0.000000,0.000000,8323198,
545,"You let forth a sharp whistle.",0.000000,0.000000,0.000000,0.000000,0.000000,0.000000,0.000000,8323198,
546,"%s works with %s.",0.000000,0.000000,0.000000,0.000000,0.000000,0.000000,0.000000,8323198,
547,"%s works with you.",0.000000,0.000000,0.000000,0.000000,0.000000,0.000000,0.000000,8323198,
548,"You work with %s.",0.000000,0.000000,0.000000,0.000000,0.000000,0.000000,0.000000,8323198,
549,"%s begins to work.",0.000000,0.000000,0.000000,0.000000,0.000000,0.000000,0.000000,8323198,
550,"You begin to work.",0.000000,0.000000,0.000000,0.000000,0.000000,0.000000,0.000000,8323198,
551,"%s yawns sleepily at %s.",0.000000,0.000000,0.000000,0.000000,0.000000,0.000000,0.000000,8323198,
552,"%s yawns sleepily at you.",0.000000,0.000000,0.000000,0.000000,0.000000,0.000000,0.000000,8323198,
553,"You yawn sleepily at %s.",0.000000,0.000000,0.000000,0.000000,0.000000,0.000000,0.000000,8323198,
554,"%s yawns sleepily.",0.000000,0.000000,0.000000,0.000000,0.000000,0.000000,0.000000,8323198,
555,"You yawn sleepily.",0.000000,0.000000,0.000000,0.000000,0.000000,0.000000,0.000000,8323198,
556,"%s boggles at %s.",0.000000,0.000000,0.000000,0.000000,0.000000,0.000000,0.000000,8323198,
557,"%s boggles at you.",0.000000,0.000000,0.000000,0.000000,0.000000,0.000000,0.000000,8323198,
558,"You boggle at %s.",0.000000,0.000000,0.000000,0.000000,0.000000,0.000000,0.000000,8323198,
559,"%s boggles at the situation.",0.000000,0.000000,0.000000,0.000000,0.000000,0.000000,0.000000,8323198,
560,"You boggle at the situation.",0.000000,0.000000,0.000000,0.000000,0.000000,0.000000,0.000000,8323198,
561,"%s tries to calm %s down.",0.000000,0.000000,0.000000,0.000000,0.000000,0.000000,0.000000,8323198,
562,"%s tries to calm you down.",0.000000,0.000000,0.000000,0.000000,0.000000,0.000000,0.000000,8323198,
563,"You try to calm %s down.",0.000000,0.000000,0.000000,0.000000,0.000000,0.000000,0.000000,8323198,
564,"%s remains calm.",0.000000,0.000000,0.000000,0.000000,0.000000,0.000000,0.000000,8323198,
565,"You remain calm.",0.000000,0.000000,0.000000,0.000000,0.000000,0.000000,0.000000,8323198,
566,"%s lets %s know that he is cold.",0.000000,0.000000,0.000000,0.000000,0.000000,0.000000,0.000000,8323198,
567,"%s lets you know that he is cold.",0.000000,0.000000,0.000000,0.000000,0.000000,0.000000,0.000000,8323198,
568,"You let %s know that you are cold.",0.000000,0.000000,0.000000,0.000000,0.000000,0.000000,0.000000,8323198,
569,"%s lets everyone know that he is cold.",0.000000,0.000000,0.000000,0.000000,0.000000,0.000000,0.000000,8323198,
570,"You let everyone know that you are cold.",0.000000,0.000000,0.000000,0.000000,0.000000,0.000000,0.000000,8323198,
571,"%s lets %s know that she is cold.",0.000000,0.000000,0.000000,0.000000,0.000000,0.000000,0.000000,8323198,
572,"%s lets you know that she is cold.",0.000000,0.000000,0.000000,0.000000,0.000000,0.000000,0.000000,8323198,
573,"%s lets everyone know that she is cold.",0.000000,0.000000,0.000000,0.000000,0.000000,0.000000,0.000000,8323198,
574,"%s comforts %s.",0.000000,0.000000,0.000000,0.000000,0.000000,0.000000,0.000000,8323198,
575,"%s comforts you.",0.000000,0.000000,0.000000,0.000000,0.000000,0.000000,0.000000,8323198,
576,"You comfort %s.",0.000000,0.000000,0.000000,0.000000,0.000000,0.000000,0.000000,8323198,
577,"%s needs comforting.",0.000000,0.000000,0.000000,0.000000,0.000000,0.000000,0.000000,8323198,
578,"You need to be comforted.",0.000000,0.000000,0.000000,0.000000,0.000000,0.000000,0.000000,8323198,
579,"%s cuddles up against %s.",0.000000,0.000000,0.000000,0.000000,0.000000,0.000000,0.000000,8323198,
580,"%s cuddles up against you.",0.000000,0.000000,0.000000,0.000000,0.000000,0.000000,0.000000,8323198,
581,"You cuddle up against %s.",0.000000,0.000000,0.000000,0.000000,0.000000,0.000000,0.000000,8323198,
582,"%s needs cuddling.",0.000000,0.000000,0.000000,0.000000,0.000000,0.000000,0.000000,8323198,
583,"You need to be cuddled.",0.000000,0.000000,0.000000,0.000000,0.000000,0.000000,0.000000,8323198,
584,"%s ducks behind %s.",0.000000,0.000000,0.000000,0.000000,0.000000,0.000000,0.000000,8323198,
585,"%s ducks behind you.",0.000000,0.000000,0.000000,0.000000,0.000000,0.000000,0.000000,8323198,
586,"You duck behind %s.",0.000000,0.000000,0.000000,0.000000,0.000000,0.000000,0.000000,8323198,
587,"%s ducks for cover.",0.000000,0.000000,0.000000,0.000000,0.000000,0.000000,0.000000,8323198,
588,"You duck for cover.",0.000000,0.000000,0.000000,0.000000,0.000000,0.000000,0.000000,8323198,
589,"%s thinks %s is the son of a motherless ogre.",0.000000,0.000000,0.000000,0.000000,0.000000,0.000000,0.000000,8323198,
590,"%s thinks you are the son of a motherless ogre.",0.000000,0.000000,0.000000,0.000000,0.000000,0.000000,0.000000,8323198,
591,"You think %s is the son of a motherless ogre.",0.000000,0.000000,0.000000,0.000000,0.000000,0.000000,0.000000,8323198,
592,"%s thinks everyone around him is a son of a motherless ogre.",0.000000,0.000000,0.000000,0.000000,0.000000,0.000000,0.000000,8323198,
593,"You think everyone around you is a son of a motherless ogre.",0.000000,0.000000,0.000000,0.000000,0.000000,0.000000,0.000000,8323198,
594,"%s thinks everyone around her is a son of a motherless ogre.",0.000000,0.000000,0.000000,0.000000,0.000000,0.000000,0.000000,8323198,
595,"%s introduces himself to %s.",0.000000,0.000000,0.000000,0.000000,0.000000,0.000000,0.000000,8323198,
596,"%s introduces himself to you.",0.000000,0.000000,0.000000,0.000000,0.000000,0.000000,0.000000,8323198,
597,"You introduce yourself to %s.",0.000000,0.000000,0.000000,0.000000,0.000000,0.000000,0.000000,8323198,
598,"%s introduces himself to everyone.",0.000000,0.000000,0.000000,0.000000,0.000000,0.000000,0.000000,8323198,
599,"You introduce yourself to everyone.",0.000000,0.000000,0.000000,0.000000,0.000000,0.000000,0.000000,8323198,
600,"%s introduces herself to %s.",0.000000,0.000000,0.000000,0.000000,0.000000,0.000000,0.000000,8323198,
601,"%s introduces herself to you.",0.000000,0.000000,0.000000,0.000000,0.000000,0.000000,0.000000,8323198,
602,"%s introduces herself to everyone.",0.000000,0.000000,0.000000,0.000000,0.000000,0.000000,0.000000,8323198,
603,"%s lets %s know that he was just kidding!",0.000000,0.000000,0.000000,0.000000,0.000000,0.000000,0.000000,8323198,
604,"%s lets you know that he was just kidding!",0.000000,0.000000,0.000000,0.000000,0.000000,0.000000,0.000000,8323198,
605,"You let %s know that you were just kidding!",0.000000,0.000000,0.000000,0.000000,0.000000,0.000000,0.000000,8323198,
606,"%s was just kidding!",0.000000,0.000000,0.000000,0.000000,0.000000,0.000000,0.000000,8323198,
607,"You were just kidding!",0.000000,0.000000,0.000000,0.000000,0.000000,0.000000,0.000000,8323198,
608,"%s lets %s know that she was just kidding!",0.000000,0.000000,0.000000,0.000000,0.000000,0.000000,0.000000,8323198,
609,"%s lets you know that she was just kidding!",0.000000,0.000000,0.000000,0.000000,0.000000,0.000000,0.000000,8323198,
610,"%s licks %s.",0.000000,0.000000,0.000000,0.000000,0.000000,0.000000,0.000000,8323198,
611,"%s licks you.",0.000000,0.000000,0.000000,0.000000,0.000000,0.000000,0.000000,8323198,
612,"You lick %s.",0.000000,0.000000,0.000000,0.000000,0.000000,0.000000,0.000000,8323198,
613,"%s licks his lips.",0.000000,0.000000,0.000000,0.000000,0.000000,0.000000,0.000000,8323198,
614,"You lick your lips.",0.000000,0.000000,0.000000,0.000000,0.000000,0.000000,0.000000,8323198,
615,"%s licks her lips.",0.000000,0.000000,0.000000,0.000000,0.000000,0.000000,0.000000,8323198,
616,"%s listens intently to %s.",0.000000,0.000000,0.000000,0.000000,0.000000,0.000000,0.000000,8323198,
617,"%s listens intently to you.",0.000000,0.000000,0.000000,0.000000,0.000000,0.000000,0.000000,8323198,
618,"You listen intently to %s.",0.000000,0.000000,0.000000,0.000000,0.000000,0.000000,0.000000,8323198,
619,"%s is listening!",0.000000,0.000000,0.000000,0.000000,0.000000,0.000000,0.000000,8323198,
620,"You are listening!",0.000000,0.000000,0.000000,0.000000,0.000000,0.000000,0.000000,8323198,
621,"%s wants %s to know that he is hopelessly lost.",0.000000,0.000000,0.000000,0.000000,0.000000,0.000000,0.000000,8323198,
622,"%s wants you to know that he is hopelessly lost.",0.000000,0.000000,0.000000,0.000000,0.000000,0.000000,0.000000,8323198,
623,"You want %s to know that you are hopelessly lost.",0.000000,0.000000,0.000000,0.000000,0.000000,0.000000,0.000000,8323198,
624,"%s is hopelessly lost.",0.000000,0.000000,0.000000,0.000000,0.000000,0.000000,0.000000,8323198,
625,"You are hopelessly lost.",0.000000,0.000000,0.000000,0.000000,0.000000,0.000000,0.000000,8323198,
626,"%s wants %s to know that she is hopelessly lost.",0.000000,0.000000,0.000000,0.000000,0.000000,0.000000,0.000000,8323198,
627,"%s wants you to know that she is hopelessly lost.",0.000000,0.000000,0.000000,0.000000,0.000000,0.000000,0.000000,8323198,
628,"%s mocks the foolishness of %s.",0.000000,0.000000,0.000000,0.000000,0.000000,0.000000,0.000000,8323198,
629,"%s mocks your foolishness.",0.000000,0.000000,0.000000,0.000000,0.000000,0.000000,0.000000,8323198,
630,"You mock the foolishness of %s.",0.000000,0.000000,0.000000,0.000000,0.000000,0.000000,0.000000,8323198,
631,"%s mocks life and all it stands for.",0.000000,0.000000,0.000000,0.000000,0.000000,0.000000,0.000000,8323198,
632,"You mock life and all it stands for.",0.000000,0.000000,0.000000,0.000000,0.000000,0.000000,0.000000,8323198,
633,"%s ponders %s's actions.",0.000000,0.000000,0.000000,0.000000,0.000000,0.000000,0.000000,8323198,
634,"%s ponders your actions.",0.000000,0.000000,0.000000,0.000000,0.000000,0.000000,0.000000,8323198,
635,"You ponder %s's actions.",0.000000,0.000000,0.000000,0.000000,0.000000,0.000000,0.000000,8323198,
636,"%s ponders the situation.",0.000000,0.000000,0.000000,0.000000,0.000000,0.000000,0.000000,8323198,
637,"You ponder the situation.",0.000000,0.000000,0.000000,0.000000,0.000000,0.000000,0.000000,8323198,
638,"%s pounces on top of %s.",0.000000,0.000000,0.000000,0.000000,0.000000,0.000000,0.000000,8323198,
639,"%s pounces on top of you.",0.000000,0.000000,0.000000,0.000000,0.000000,0.000000,0.000000,8323198,
640,"You pounce on top of %s.",0.000000,0.000000,0.000000,0.000000,0.000000,0.000000,0.000000,8323198,
641,"%s pounces out from the shadows.",0.000000,0.000000,0.000000,0.000000,0.000000,0.000000,0.000000,8323198,
642,"You pounce out from the shadows.",0.000000,0.000000,0.000000,0.000000,0.000000,0.000000,0.000000,8323198,
643,"%s lavishes praise upon %s.",0.000000,0.000000,0.000000,0.000000,0.000000,0.000000,0.000000,8323198,
644,"%s lavishes praise upon you.",0.000000,0.000000,0.000000,0.000000,0.000000,0.000000,0.000000,8323198,
645,"You lavish praise upon %s.",0.000000,0.000000,0.000000,0.000000,0.000000,0.000000,0.000000,8323198,
646,"%s praises the Light.",0.000000,0.000000,0.000000,0.000000,0.000000,0.000000,0.000000,8323198,
647,"You praise the Light.",0.000000,0.000000,0.000000,0.000000,0.000000,0.000000,0.000000,8323198,
648,"%s purrs at %s.",0.000000,0.000000,0.000000,0.000000,0.000000,0.000000,0.000000,8323198,
649,"%s purrs at you.",0.000000,0.000000,0.000000,0.000000,0.000000,0.000000,0.000000,8323198,
650,"You purr at %s.",0.000000,0.000000,0.000000,0.000000,0.000000,0.000000,0.000000,8323198,
651,"%s purrs like a kitten.",0.000000,0.000000,0.000000,0.000000,0.000000,0.000000,0.000000,8323198,
652,"You purr like a kitten.",0.000000,0.000000,0.000000,0.000000,0.000000,0.000000,0.000000,8323198,
653,"%s is puzzled by %s.",0.000000,0.000000,0.000000,0.000000,0.000000,0.000000,0.000000,8323198,
654,"%s puzzled by you. What are you doing?",0.000000,0.000000,0.000000,0.000000,0.000000,0.000000,0.000000,8323198,
655,"You are puzzled by %s.",0.000000,0.000000,0.000000,0.000000,0.000000,0.000000,0.000000,8323198,
656,"%s is puzzled. What's going on here?",0.000000,0.000000,0.000000,0.000000,0.000000,0.000000,0.000000,8323198,
657,"You are puzzled. What's going on here?",0.000000,0.000000,0.000000,0.000000,0.000000,0.000000,0.000000,8323198,
658,"%s looks at %s and raises his hand in the air.",0.000000,0.000000,0.000000,0.000000,0.000000,0.000000,0.000000,8323198,
659,"%s looks at you and raises his hand.",0.000000,0.000000,0.000000,0.000000,0.000000,0.000000,0.000000,8323198,
660,"You look at %s and raise your hand.",0.000000,0.000000,0.000000,0.000000,0.000000,0.000000,0.000000,8323198,
661,"%s raises his hand in the air.",0.000000,0.000000,0.000000,0.000000,0.000000,0.000000,0.000000,8323198,
662,"You raise your hand in the air.",0.000000,0.000000,0.000000,0.000000,0.000000,0.000000,0.000000,8323198,
663,"%s looks at %s and raises her hand in the air.",0.000000,0.000000,0.000000,0.000000,0.000000,0.000000,0.000000,8323198,
664,"%s looks at you and raises her hand.",0.000000,0.000000,0.000000,0.000000,0.000000,0.000000,0.000000,8323198,
665,"%s raises her hand in the air.",0.000000,0.000000,0.000000,0.000000,0.000000,0.000000,0.000000,8323198,
666,"%s lets %s know that he is ready!",0.000000,0.000000,0.000000,0.000000,0.000000,0.000000,0.000000,8323198,
667,"%s lets you know that he is ready!",0.000000,0.000000,0.000000,0.000000,0.000000,0.000000,0.000000,8323198,
668,"You let %s know that you are ready!",0.000000,0.000000,0.000000,0.000000,0.000000,0.000000,0.000000,8323198,
669,"%s lets everyone know that he is ready!",0.000000,0.000000,0.000000,0.000000,0.000000,0.000000,0.000000,8323198,
670,"You let everyone know that you are ready!",0.000000,0.000000,0.000000,0.000000,0.000000,0.000000,0.000000,8323198,
671,"%s lets you know that she is ready!",0.000000,0.000000,0.000000,0.000000,0.000000,0.000000,0.000000,8323198,
672,"%s lets everyone know that she is ready!",0.000000,0.000000,0.000000,0.000000,0.000000,0.000000,0.000000,8323198,
673,"%s shimmies before %s.",0.000000,0.000000,0.000000,0.000000,0.000000,0.000000,0.000000,8323198,
674,"%s shimmies before you.",0.000000,0.000000,0.000000,0.000000,0.000000,0.000000,0.000000,8323198,
675,"You shimmy before %s.",0.000000,0.000000,0.000000,0.000000,0.000000,0.000000,0.000000,8323198,
676,"%s shimmies before the masses.",0.000000,0.000000,0.000000,0.000000,0.000000,0.000000,0.000000,8323198,
677,"You shimmy before the masses.",0.000000,0.000000,0.000000,0.000000,0.000000,0.000000,0.000000,8323198,
678,"%s shivers beside %s. Chilling!",0.000000,0.000000,0.000000,0.000000,0.000000,0.000000,0.000000,8323198,
679,"%s shivers beside you. Chilling!",0.000000,0.000000,0.000000,0.000000,0.000000,0.000000,0.000000,8323198,
680,"You shiver beside %s. Chilling!",0.000000,0.000000,0.000000,0.000000,0.000000,0.000000,0.000000,8323198,
681,"%s shivers in his boots. Chilling!",0.000000,0.000000,0.000000,0.000000,0.000000,0.000000,0.000000,8323198,
682,"You shiver in your boots. Chilling!",0.000000,0.000000,0.000000,0.000000,0.000000,0.000000,0.000000,8323198,
683,"%s shivers in her boots. Chilling!",0.000000,0.000000,0.000000,0.000000,0.000000,0.000000,0.000000,8323198,
684,"%s shoos %s away. Be gone pest!",0.000000,0.000000,0.000000,0.000000,0.000000,0.000000,0.000000,8323198,
685,"%s shoos you away. Be gone pest!",0.000000,0.000000,0.000000,0.000000,0.000000,0.000000,0.000000,8323198,
686,"You shoo %s away. Be gone pest!",0.000000,0.000000,0.000000,0.000000,0.000000,0.000000,0.000000,8323198,
687,"%s shoos the measly pests away.",0.000000,0.000000,0.000000,0.000000,0.000000,0.000000,0.000000,8323198,
688,"You shoo the measly pests away.",0.000000,0.000000,0.000000,0.000000,0.000000,0.000000,0.000000,8323198,
689,"%s slaps %s across the face. Ouch!",0.000000,0.000000,0.000000,0.000000,0.000000,0.000000,0.000000,8323198,
690,"%s slaps you across the face. Ouch!",0.000000,0.000000,0.000000,0.000000,0.000000,0.000000,0.000000,8323198,
691,"You slap %s across the face. Ouch!",0.000000,0.000000,0.000000,0.000000,0.000000,0.000000,0.000000,8323198,
692,"%s slaps himself across the face. Ouch!",0.000000,0.000000,0.000000,0.000000,0.000000,0.000000,0.000000,8323198,
693,"You slap yourself across the face. Ouch!",0.000000,0.000000,0.000000,0.000000,0.000000,0.000000,0.000000,8323198,
694,"%s slaps herself across the face. Ouch!",0.000000,0.000000,0.000000,0.000000,0.000000,0.000000,0.000000,8323198,
695,"%s smirks slyly at %s.",0.000000,0.000000,0.000000,0.000000,0.000000,0.000000,0.000000,8323198,
696,"%s smirks slyly at you.",0.000000,0.000000,0.000000,0.000000,0.000000,0.000000,0.000000,8323198,
697,"You smirk slyly at %s.",0.000000,0.000000,0.000000,0.000000,0.000000,0.000000,0.000000,8323198,
698,"A sly smirk spreads across %s's face.",0.000000,0.000000,0.000000,0.000000,0.000000,0.000000,0.000000,8323198,
699,"A sly smirk spreads across your face.",0.000000,0.000000,0.000000,0.000000,0.000000,0.000000,0.000000,8323198,
700,"%s sniffs %s.",0.000000,0.000000,0.000000,0.000000,0.000000,0.000000,0.000000,8323198,
701,"%s sniffs you.",0.000000,0.000000,0.000000,0.000000,0.000000,0.000000,0.000000,8323198,
702,"You sniff %s.",0.000000,0.000000,0.000000,0.000000,0.000000,0.000000,0.000000,8323198,
703,"%s sniffs the air around him.",0.000000,0.000000,0.000000,0.000000,0.000000,0.000000,0.000000,8323198,
704,"You sniff the air around you.",0.000000,0.000000,0.000000,0.000000,0.000000,0.000000,0.000000,8323198,
705,"%s sniffs the air around her.",0.000000,0.000000,0.000000,0.000000,0.000000,0.000000,0.000000,8323198,
706,"%s snubs %s.",0.000000,0.000000,0.000000,0.000000,0.000000,0.000000,0.000000,8323198,
707,"%s snubs you.",0.000000,0.000000,0.000000,0.000000,0.000000,0.000000,0.000000,8323198,
708,"You snub %s.",0.000000,0.000000,0.000000,0.000000,0.000000,0.000000,0.000000,8323198,
709,"%s snubs all of the lowly peons around him.",0.000000,0.000000,0.000000,0.000000,0.000000,0.000000,0.000000,8323198,
710,"You snub all of the lowly peons around you.",0.000000,0.000000,0.000000,0.000000,0.000000,0.000000,0.000000,8323198,
711,"%s snubs all of the lowly peons around her.",0.000000,0.000000,0.000000,0.000000,0.000000,0.000000,0.000000,8323198,
712,"%s soothes %s. There, there...things will be ok.",0.000000,0.000000,0.000000,0.000000,0.000000,0.000000,0.000000,4128894,
713,"%s soothes you. There, there...things will be ok.",0.000000,0.000000,0.000000,0.000000,0.000000,0.000000,0.000000,4128894,
714,"You soothe %s. There, there...things will be ok.",0.000000,0.000000,0.000000,0.000000,0.000000,0.000000,0.000000,4128894,
715,"%s needs to be soothed.",0.000000,0.000000,0.000000,0.000000,0.000000,0.000000,0.000000,8323198,
716,"You need to be soothed.",0.000000,0.000000,0.000000,0.000000,0.000000,0.000000,0.000000,8323198,
717,"%s smells %s. Wow, someone stinks!",0.000000,0.000000,0.000000,0.000000,0.000000,0.000000,0.000000,8323198,
718,"%s smells you. Wow, someone stinks!",0.000000,0.000000,0.000000,0.000000,0.000000,0.000000,0.000000,8323198,
719,"You smell %s. Wow, someone stinks!",0.000000,0.000000,0.000000,0.000000,0.000000,0.000000,0.000000,8323198,
720,"%s smells the air around him. Wow, someone stinks!",0.000000,0.000000,0.000000,0.000000,0.000000,0.000000,0.000000,8323198,
721,"You smell the air around you. Wow, someone stinks!",0.000000,0.000000,0.000000,0.000000,0.000000,0.000000,0.000000,8323198,
722,"%s smells the air around her. Wow, someone stinks!",0.000000,0.000000,0.000000,0.000000,0.000000,0.000000,0.000000,8323198,
723,"%s makes a taunting gesture at %s. Bring it!",0.000000,0.000000,0.000000,0.000000,0.000000,0.000000,0.000000,8323198,
724,"%s makes a taunting gesture at you. Bring it!",0.000000,0.000000,0.000000,0.000000,0.000000,0.000000,0.000000,8323198,
725,"You make a taunting gesture at %s. Bring it!",0.000000,0.000000,0.000000,0.000000,0.000000,0.000000,0.000000,8323198,
726,"%s taunts everyone around him. Bring it fools!",0.000000,0.000000,0.000000,0.000000,0.000000,0.000000,0.000000,8323198,
727,"You taunt everyone around you. Bring it fools!",0.000000,0.000000,0.000000,0.000000,0.000000,0.000000,0.000000,8323198,
728,"%s taunts everyone around her. Bring it fools!",0.000000,0.000000,0.000000,0.000000,0.000000,0.000000,0.000000,8323198,
729,"%s teases %s.",0.000000,0.000000,0.000000,0.000000,0.000000,0.000000,0.000000,8323198,
730,"%s teases you.",0.000000,0.000000,0.000000,0.000000,0.000000,0.000000,0.000000,8323198,
731,"You tease %s.",0.000000,0.000000,0.000000,0.000000,0.000000,0.000000,0.000000,8323198,
732,"%s is such a tease.",0.000000,0.000000,0.000000,0.000000,0.000000,0.000000,0.000000,8323198,
733,"You are such a tease.",0.000000,0.000000,0.000000,0.000000,0.000000,0.000000,0.000000,8323198,
734,"%s lets %s know he is thirsty. Spare a drink?",0.000000,0.000000,0.000000,0.000000,0.000000,0.000000,0.000000,8323198,
735,"%s lets you know he is thirsty. Spare a drink?",0.000000,0.000000,0.000000,0.000000,0.000000,0.000000,0.000000,8323198,
736,"You let %s know you are thirsty. Spare a drink?",0.000000,0.000000,0.000000,0.000000,0.000000,0.000000,0.000000,8323198,
737,"%s is so thirsty. Can anyone spare a drink?",0.000000,0.000000,0.000000,0.000000,0.000000,0.000000,0.000000,8323198,
738,"You are so thirsty. Can anyone spare a drink?",0.000000,0.000000,0.000000,0.000000,0.000000,0.000000,0.000000,8323198,
739,"%s lets %s know she is thirsty. Spare a drink?",0.000000,0.000000,0.000000,0.000000,0.000000,0.000000,0.000000,8323198,
740,"%s lets you know she is thirsty. Spare a drink?",0.000000,0.000000,0.000000,0.000000,0.000000,0.000000,0.000000,8323198,
741,"%s vetoes %s's motion.",0.000000,0.000000,0.000000,0.000000,0.000000,0.000000,0.000000,8323198,
742,"%s vetoes your motion.",0.000000,0.000000,0.000000,0.000000,0.000000,0.000000,0.000000,8323198,
743,"You veto %s's motion.",0.000000,0.000000,0.000000,0.000000,0.000000,0.000000,0.000000,8323198,
744,"%s vetoes the motion on the floor.",0.000000,0.000000,0.000000,0.000000,0.000000,0.000000,0.000000,8323198,
745,"You veto the motion on the floor.",0.000000,0.000000,0.000000,0.000000,0.000000,0.000000,0.000000,8323198,
746,"%s snickers at %s.",0.000000,0.000000,0.000000,0.000000,0.000000,0.000000,0.000000,8323198,
747,"%s snickers at you.",0.000000,0.000000,0.000000,0.000000,0.000000,0.000000,0.000000,8323198,
748,"You snicker at %s.",0.000000,0.000000,0.000000,0.000000,0.000000,0.000000,0.000000,8323198,
749,"%s quietly snickers to himself.",0.000000,0.000000,0.000000,0.000000,0.000000,0.000000,0.000000,8323198,
750,"You quietly snicker to yourself.",0.000000,0.000000,0.000000,0.000000,0.000000,0.000000,0.000000,8323198,
751,"%s quietly snickers to herself.",0.000000,0.000000,0.000000,0.000000,0.000000,0.000000,0.000000,8323198,
752,"%s tickles %s.  Hee hee!",0.000000,0.000000,0.000000,0.000000,0.000000,0.000000,0.000000,8323198,
753,"%s tickles you.  Hee hee!",0.000000,0.000000,0.000000,0.000000,0.000000,0.000000,0.000000,8323198,
754,"You tickle %s.  Hee hee!",0.000000,0.000000,0.000000,0.000000,0.000000,0.000000,0.000000,8323198,
755,"%s wants to be tickled.  Hee hee!",0.000000,0.000000,0.000000,0.000000,0.000000,0.000000,0.000000,8323198,
756,"You want to be tickled.  Hee hee!",0.000000,0.000000,0.000000,0.000000,0.000000,0.000000,0.000000,8323198,
757,"%s plays the world's smallest violin for %s.",0.000000,0.000000,0.000000,0.000000,0.000000,0.000000,0.000000,8323198,
758,"%s plays the world's smallest violin for you.",0.000000,0.000000,0.000000,0.000000,0.000000,0.000000,0.000000,8323198,
759,"You play the world's smallest violin for %s.",0.000000,0.000000,0.000000,0.000000,0.000000,0.000000,0.000000,8323198,
760,"%s begins to play the world's smallest violin.",0.000000,0.000000,0.000000,0.000000,0.000000,0.000000,0.000000,8323198,
761,"You begin to play the world's smallest violin.",0.000000,0.000000,0.000000,0.000000,0.000000,0.000000,0.000000,8323198,
762,"%s smiles at %s.",0.000000,0.000000,0.000000,0.000000,0.000000,0.000000,0.000000,8323198,
763,"%s smiles at you.",0.000000,0.000000,0.000000,0.000000,0.000000,0.000000,0.000000,8323198,
764,"You smile at %s.",0.000000,0.000000,0.000000,0.000000,0.000000,0.000000,0.000000,8323198,
765,"%s smiles.",0.000000,0.000000,0.000000,0.000000,0.000000,0.000000,0.000000,8323198,
766,"You smile.",0.000000,0.000000,0.000000,0.000000,0.000000,0.000000,0.000000,8323198,
777,"%s lets %s know that she is ready!",0.000000,0.000000,0.000000,0.000000,0.000000,0.000000,0.000000,8323198,
778,"%s makes a rude gesture at %s.",0.000000,0.000000,0.000000,0.000000,0.000000,0.000000,0.000000,8323198,
779,"%s makes a rude gesture at you.",0.000000,0.000000,0.000000,0.000000,0.000000,0.000000,0.000000,8323198,
780,"You make a rude gesture at %s.",0.000000,0.000000,0.000000,0.000000,0.000000,0.000000,0.000000,8323198,
781,"%s makes a rude gesture.",0.000000,0.000000,0.000000,0.000000,0.000000,0.000000,0.000000,8323198,
782,"You make a rude gesture.",0.000000,0.000000,0.000000,0.000000,0.000000,0.000000,0.000000,8323198,
797,"%s looks down upon %s with pity.",0.000000,0.000000,0.000000,0.000000,0.000000,0.000000,0.000000,4128894,
798,"%s looks down upon you with pity.",0.000000,0.000000,0.000000,0.000000,0.000000,0.000000,0.000000,4128894,
799,"You look down upon %s with pity.",0.000000,0.000000,0.000000,0.000000,0.000000,0.000000,0.000000,4128894,
800,"%s pities those around him.",0.000000,0.000000,0.000000,0.000000,0.000000,0.000000,0.000000,4128894,
801,"%s pities those around her.",0.000000,0.000000,0.000000,0.000000,0.000000,0.000000,0.000000,4128894,
802,"You pity those around you.",0.000000,0.000000,0.000000,0.000000,0.000000,0.000000,0.000000,4128894,
803,"%s growls menacingly at %s.",0.000000,0.000000,0.000000,0.000000,0.000000,0.000000,0.000000,4128894,
804,"%s growls menacingly at you.",0.000000,0.000000,0.000000,0.000000,0.000000,0.000000,0.000000,4128894,
805,"You growl menacingly at %s.",0.000000,0.000000,0.000000,0.000000,0.000000,0.000000,0.000000,4128894,
806,"%s growls menacingly.",0.000000,0.000000,0.000000,0.000000,0.000000,0.000000,0.000000,4128894,
807,"You growl menacingly.",0.000000,0.000000,0.000000,0.000000,0.000000,0.000000,0.000000,4128894,
808,"%s barks at %s.",0.000000,0.000000,0.000000,0.000000,0.000000,0.000000,0.000000,4128894,
809,"%s barks at you.",0.000000,0.000000,0.000000,0.000000,0.000000,0.000000,0.000000,4128894,
810,"You bark at %s",0.000000,0.000000,0.000000,0.000000,0.000000,0.000000,0.000000,4128894,
811,"%s barks. Woof woof!",0.000000,0.000000,0.000000,0.000000,0.000000,0.000000,0.000000,4128894,
812,"You bark. Woof woof!",0.000000,0.000000,0.000000,0.000000,0.000000,0.000000,0.000000,4128894,
817,"%s is scared of %s.",0.000000,0.000000,0.000000,0.000000,0.000000,0.000000,0.000000,4128894,
818,"%s is scared of you.",0.000000,0.000000,0.000000,0.000000,0.000000,0.000000,0.000000,4128894,
819,"You are scared of %s.",0.000000,0.000000,0.000000,0.000000,0.000000,0.000000,0.000000,4128894,
820,"%s is scared!",0.000000,0.000000,0.000000,0.000000,0.000000,0.000000,0.000000,4128894,
821,"You are scared!",0.000000,0.000000,0.000000,0.000000,0.000000,0.000000,0.000000,4128894,
822,"%s flops about helplessly around %s.",0.000000,0.000000,0.000000,0.000000,0.000000,0.000000,0.000000,4128894,
823,"%s flops about helplessly around you.",0.000000,0.000000,0.000000,0.000000,0.000000,0.000000,0.000000,4128894,
824,"You flop about helplessly around %s.",0.000000,0.000000,0.000000,0.000000,0.000000,0.000000,0.000000,4128894,
825,"%s flops about helplessly.",0.000000,0.000000,0.000000,0.000000,0.000000,0.000000,0.000000,4128894,
826,"You flop about helplessly.",0.000000,0.000000,0.000000,0.000000,0.000000,0.000000,0.000000,4128894,
827,"%s loves %s.",0.000000,0.000000,0.000000,0.000000,0.000000,0.000000,0.000000,4128894,
828,"%s loves you.",0.000000,0.000000,0.000000,0.000000,0.000000,0.000000,0.000000,4128894,
829,"You love %s.",0.000000,0.000000,0.000000,0.000000,0.000000,0.000000,0.000000,4128894,
830,"%s feels the love.",0.000000,0.000000,0.000000,0.000000,0.000000,0.000000,0.000000,4128894,
831,"You feel the love.",0.000000,0.000000,0.000000,0.000000,0.000000,0.000000,0.000000,4128894,
832,"%s moos at %s. Mooooooooooo.",0.000000,0.000000,0.000000,0.000000,0.000000,0.000000,0.000000,4128894,
833,"%s moos at you. Mooooooooooo.",0.000000,0.000000,0.000000,0.000000,0.000000,0.000000,0.000000,4128894,
834,"You moo at %s. Mooooooooooo.",0.000000,0.000000,0.000000,0.000000,0.000000,0.000000,0.000000,4128894,
835,"%s moos. Mooooooooooo.",0.000000,0.000000,0.000000,0.000000,0.000000,0.000000,0.000000,4128894,
836,"Mooooooooooo.",0.000000,0.000000,0.000000,0.000000,0.000000,0.000000,0.000000,4128894,
837,"%s commends %s on a job well done.",0.000000,0.000000,0.000000,0.000000,0.000000,0.000000,0.000000,4128894,
838,"%s commends you on a job well done.",0.000000,0.000000,0.000000,0.000000,0.000000,0.000000,0.000000,4128894,
839,"You commend %s on a job well done.",0.000000,0.000000,0.000000,0.000000,0.000000,0.000000,0.000000,4128894,
840,"%s commends everyone on a job well done.",0.000000,0.000000,0.000000,0.000000,0.000000,0.000000,0.000000,4128894,
841,"You commend everyone on a job well done.",0.000000,0.000000,0.000000,0.000000,0.000000,0.000000,0.000000,4128894,
862,"",0.000000,0.000000,0.000000,0.000000,0.000000,0.000000,0.000000,4128892,
863,"",0.000000,0.000000,0.000000,0.000000,0.000000,0.000000,0.000000,4128892,
864,"",0.000000,0.000000,0.000000,0.000000,0.000000,0.000000,0.000000,4128892,
865,"%s cries out for help!",0.000000,0.000000,0.000000,0.000000,0.000000,0.000000,0.000000,4128894,
866,"You cry out for help!",0.000000,0.000000,0.000000,0.000000,0.000000,0.000000,0.000000,4128894,
867,"",0.000000,0.000000,0.000000,0.000000,0.000000,0.000000,0.000000,4128892,
868,"",0.000000,0.000000,0.000000,0.000000,0.000000,0.000000,0.000000,4128892,
869,"",0.000000,0.000000,0.000000,0.000000,0.000000,0.000000,0.000000,4128892,
870,"%s yells incoming enemies!",0.000000,0.000000,0.000000,0.000000,0.000000,0.000000,0.000000,4128894,
871,"You yell incoming enemies!",0.000000,0.000000,0.000000,0.000000,0.000000,0.000000,0.000000,4128894,
872,"",0.000000,0.000000,0.000000,0.000000,0.000000,0.000000,0.000000,4128892,
873,"",0.000000,0.000000,0.000000,0.000000,0.000000,0.000000,0.000000,4128892,
874,"",0.000000,0.000000,0.000000,0.000000,0.000000,0.000000,0.000000,4128892,
875,"%s starts to charge.",0.000000,0.000000,0.000000,0.000000,0.000000,0.000000,0.000000,4128894,
876,"You start to charge.",0.000000,0.000000,0.000000,0.000000,0.000000,0.000000,0.000000,4128894,
877,"%s yells for %s to flee!",0.000000,0.000000,0.000000,0.000000,0.000000,0.000000,0.000000,4128894,
878,"%s yells for you to flee!",0.000000,0.000000,0.000000,0.000000,0.000000,0.000000,0.000000,4128894,
879,"You yell for %s to flee!",0.000000,0.000000,0.000000,0.000000,0.000000,0.000000,0.000000,4128894,
880,"%s yells for everyone to flee!",0.000000,0.000000,0.000000,0.000000,0.000000,0.000000,0.000000,4128894,
881,"You yell for everyone to flee!",0.000000,0.000000,0.000000,0.000000,0.000000,0.000000,0.000000,4128894,
882,"%s tells you to attack %s.",0.000000,0.000000,0.000000,0.000000,0.000000,0.000000,0.000000,4128894,
883,"%s tells everyone to attack you.",0.000000,0.000000,0.000000,0.000000,0.000000,0.000000,0.000000,4128894,
884,"You tell everyone to attack %s.",0.000000,0.000000,0.000000,0.000000,0.000000,0.000000,0.000000,4128894,
885,"%s tells you to attack something.",0.000000,0.000000,0.000000,0.000000,0.000000,0.000000,0.000000,4128894,
886,"You tell everyone to attack something.",0.000000,0.000000,0.000000,0.000000,0.000000,0.000000,0.000000,4128894,
887,"%s is low on mana.",0.000000,0.000000,0.000000,0.000000,0.000000,0.000000,0.000000,4128894,
888,"You announce that you have low mana!",0.000000,0.000000,0.000000,0.000000,0.000000,0.000000,0.000000,4128894,
889,"%s motions for %s to follow.",0.000000,0.000000,0.000000,0.000000,0.000000,0.000000,0.000000,4128894,
890,"%s motions for you to follow.",0.000000,0.000000,0.000000,0.000000,0.000000,0.000000,0.000000,4128894,
891,"You motion for %s to follow.",0.000000,0.000000,0.000000,0.000000,0.000000,0.000000,0.000000,4128894,
892,"%s motions for you to follow.",0.000000,0.000000,0.000000,0.000000,0.000000,0.000000,0.000000,4128894,
893,"You motion for everyone to follow.",0.000000,0.000000,0.000000,0.000000,0.000000,0.000000,0.000000,4128894,
894,"%s asks %s to wait.",0.000000,0.000000,0.000000,0.000000,0.000000,0.000000,0.000000,4128894,
895,"%s asks you to wait.",0.000000,0.000000,0.000000,0.000000,0.000000,0.000000,0.000000,4128894,
896,"You ask %s to wait.",0.000000,0.000000,0.000000,0.000000,0.000000,0.000000,0.000000,4128894,
897,"%s asks you to wait.",0.000000,0.000000,0.000000,0.000000,0.000000,0.000000,0.000000,4128894,
898,"You ask everyone to wait.",0.000000,0.000000,0.000000,0.000000,0.000000,0.000000,0.000000,4128894,
899,"%s calls out for healing!",0.000000,0.000000,0.000000,0.000000,0.000000,0.000000,0.000000,4128894,
900,"You call out for healing!",0.000000,0.000000,0.000000,0.000000,0.000000,0.000000,0.000000,4128894,
901,"%s orders you to open fire.",0.000000,0.000000,0.000000,0.000000,0.000000,0.000000,0.000000,4128894,
902,"You give the order to open fire.",0.000000,0.000000,0.000000,0.000000,0.000000,0.000000,0.000000,4128894,
903,"%s flirts with %s.",0.000000,0.000000,0.000000,0.000000,0.000000,0.000000,0.000000,4128894,
904,"%s flirts with you.",0.000000,0.000000,0.000000,0.000000,0.000000,0.000000,0.000000,4128894,
905,"You flirt with %s.",0.000000,0.000000,0.000000,0.000000,0.000000,0.000000,0.000000,4128894,
906,"%s flirts.",0.000000,0.000000,0.000000,0.000000,0.000000,0.000000,0.000000,4128894,
907,"You flirt.",0.000000,0.000000,0.000000,0.000000,0.000000,0.000000,0.000000,4128894,
908,"%s tells a joke to %s.",0.000000,0.000000,0.000000,0.000000,0.000000,0.000000,0.000000,4128894,
909,"%s tells you a joke.",0.000000,0.000000,0.000000,0.000000,0.000000,0.000000,0.000000,4128894,
910,"You tell %s a joke.",0.000000,0.000000,0.000000,0.000000,0.000000,0.000000,0.000000,4128894,
911,"%s tells a joke.",0.000000,0.000000,0.000000,0.000000,0.000000,0.000000,0.000000,4128894,
912,"You tell a joke.",0.000000,0.000000,0.000000,0.000000,0.000000,0.000000,0.000000,4128894,
913,"%s claps for %s, clearly unimpressed.",0.000000,0.000000,0.000000,0.000000,0.000000,0.000000,0.000000,4128894,
914,"%s claps for you, clearly unimpressed.",0.000000,0.000000,0.000000,0.000000,0.000000,0.000000,0.000000,4128894,
915,"You clap for %s, clearly unimpressed.",0.000000,0.000000,0.000000,0.000000,0.000000,0.000000,0.000000,4128894,
916,"%s claps half heartedly, clearly unimpressed.",0.000000,0.000000,0.000000,0.000000,0.000000,0.000000,0.000000,4128894,
917,"You clap half heartedly, clearly unimpressed.",0.000000,0.000000,0.000000,0.000000,0.000000,0.000000,0.000000,4128894,
918,"%s winks slyly at %s.",0.000000,0.000000,0.000000,0.000000,0.000000,0.000000,0.000000,4128894,
919,"%s winks slyly at you.",0.000000,0.000000,0.000000,0.000000,0.000000,0.000000,0.000000,4128894,
920,"You wink slyly at %s.",0.000000,0.000000,0.000000,0.000000,0.000000,0.000000,0.000000,4128894,
921,"%s winks slyly.",0.000000,0.000000,0.000000,0.000000,0.000000,0.000000,0.000000,4128894,
922,"You wink slyly.",0.000000,0.000000,0.000000,0.000000,0.000000,0.000000,0.000000,4128894,
923,"%s gently pats %s.",0.000000,0.000000,0.000000,0.000000,0.000000,0.000000,0.000000,4128894,
924,"%s gently pats you.",0.000000,0.000000,0.000000,0.000000,0.000000,0.000000,0.000000,4128894,
925,"You gently pat %s.",0.000000,0.000000,0.000000,0.000000,0.000000,0.000000,0.000000,4128894,
926,"%s needs a pat.",0.000000,0.000000,0.000000,0.000000,0.000000,0.000000,0.000000,4128894,
927,"You need a pat.",0.000000,0.000000,0.000000,0.000000,0.000000,0.000000,0.000000,4128894,
